lat,lon,location,mindist,mindrive,time
42.555534,-93.0529775,Ackley,10.56,30.535,21.716666666666665
41.3669372,-93.472713099999993,Ackworth,16.72,26.267,19.8
41.50043,-94.6433504,Adair,0.87,21.479,15.566666666666666
41.6144325,-94.017453,Adel,8.22,17.221,11.833333333333334
41.0284183,-94.1975786,Afton,33.85,40.416,28.233333333333334
40.996114,-92.3072825,Agency,0.75,13.352,10.9
41.2875208,-91.5515505,Ainsworth,1.55,5.115,6.233333333333333
42.8288818,-96.5594773,Akron,18.99,41.987,24.816666666666666
42.7778617,-94.949783300000007,Albert City,36.03,51.479,35.55
41.0300078,-92.811307,Albia,20.73,30.854,24.45
42.1123909,-92.9900403,Albion,11.7,16.033,11.8
42.1483285,-91.6185065,Alburnett,8.97,28.004,22.4
42.5202571,-93.3760389,Alden,8.06,27.28,19.866666666666667
42.8058039,-93.4765943,Alexander,9.08,15.968,11.716666666666667
43.0699663,-94.233019,Algona,66.38,86.476,61.583333333333336
41.8199875,-93.611607,Alleman,4.31,18.688,12.85
40.7063539,-93.365383,Allerton,33.55,37.977,28.466666666666665
42.7535847,-92.7952244,Allison,21.33,30.124,23.833333333333332
42.6749812,-95.3041656,Alta,25.61,34.376,25.416666666666668
43.1985819,-92.4171216,Alta Vista,14.68,23.481,16.816666666666666
42.9874869,-96.0105735,Alton,1.49,7.015,5.983333333333333
41.6435514,-93.4750836,Altoona,2.36,6.121,8.3
43.3420659,-96.3022407,Alvord,29.9,57.293,39.61666666666667
42.0307812,-93.6319131,Ames,3.05,7.309,11.316666666666666
42.1083371,-91.2851594,Anamosa,1.49,2.925,4.5
41.9791933,-90.251796100000007,Andover,19.89,28.517,21.883333333333333
42.1536292,-90.5923542,Andrew,11.58,14.092,10.833333333333334
41.4438761,-94.764146,Anita,5.91,24.702,17.433333333333334
41.7317884,-93.6001278,Ankeny,1.93,8.456,8.1
42.3883232,-95.8666772,Anthon,35.49,66.395,43.96666666666667
42.5820329,-92.8845695,Aplington,13.48,34.557,24.95
42.0872073,-95.0461023,Arcadia,41.42,49.006,38.05
43.1152567,-95.7458465,Archer,8.29,15.675,13.133333333333333
42.833027800000004,-93.0054745,Aredale,28.71,45.513,32.333333333333336
41.9461666,-95.4594338,Arion,49.81,72.673,50
40.9494354,-94.2191198,Arispe,35.52,73.338,47.5
42.7491501,-91.6712663,Arlington,31.84,49.837,33.46666666666667
43.3960697,-94.4783082,Armstrong,31.54,37.573,29.033333333333335
43.3727408,-95.1238841,Arnolds Park,29.57,40.526,29
42.3357283,-95.3474528,Arthur,22.02,35.168,25.85
42.5144462,-90.751516,Asbury,5.37,7.596,10.133333333333333
43.3121952,-95.788072,Ashton,8.26,8.995,7.25
41.911931,-95.135549,Aspinwall,46.15,61.468,46.583333333333336
41.5711357,-91.1659887,Atalissa,8.38,26.829,20.233333333333334
41.9969436,-91.8621262,Atkins,6.85,9.35,8.283333333333333
41.4036007,-95.0138776,Atlantic,10.42,17.588,13.95
42.2513724,-94.8777638,Auburn,23.28,31.073,21.35
41.7180421,-94.9324868,Audubon,24.58,39.004,25.933333333333334
42.71276,-95.4366701,Aurelia,35.3,46.235,33.86666666666667
42.618873,-91.7284957,Aurora,17.56,31.885,21.75
41.4766571,-95.3380549,Avoca,2.39,20.59,14.3
43.0391346,-94.8327618,Ayrshire,65.78,74.903,51.63333333333333
42.6144147,-94.14607,Badger,18.31,31.986,23.766666666666666
41.8460964,-94.4299694,Bagley,32.77,34.243,23.6
42.0741832,-90.8415301,Baldwin,13.07,20.189,14.483333333333333
42.6380516,-90.868739,Balltown,21.75,29.676,30.716666666666665
43.2927386,-94.2180192,Bancroft,41.59,61.473,44.6
42.5186098,-90.9612418,Bankston,9,17.722,14.216666666666667
41.5083371,-92.4682418,Barnes City,20.85,34.484,24.3
42.5085843,-94.3652468,Barnum,8.64,15.253,12.483333333333333
43.062196,-92.5168492,Bassett,12.08,17.907,18.266666666666666
40.9942123,-92.1673287,Batavia,1.14,7.622,10.733333333333333
42.315544,-95.5986135,Battle Creek,40.49,56.949,40.46666666666667
41.8260998,-93.1515905,Baxter,15.15,28.895,20.25
41.85193,-94.5583076,Bayard,39.71,57.493,41.88333333333333
41.2765637,-92.6815709,Beacon,1.64,10.502,10.216666666666667
40.8077725,-94.0505057,Beaconsfield,18.68,37.123,28.083333333333332
42.2197079,-92.8235341,Beaman,23.44,29.55,25.6
42.0383148,-94.1421817,Beaver,8.84,9.766,7.583333333333333
40.666932,-94.721358,Bedford,66.72,95.281,68.41666666666667
41.8955529,-92.2757404,Belle Plaine,22.18,42.282,28.716666666666665
42.2588936,-90.4257531,Bellevue,23.72,65.965,49.583333333333336
42.84608,-93.6140991,Belmond,20.85,32.096,23.533333333333335
41.7400706,-90.9738473,Bennett,12.53,26.091,18.3
40.7033242,-94.3582909,Benton,38.23,77.365,54.53333333333333
41.9449834,-94.1146804,Berkley,11.45,18.336,13.483333333333333
42.3120897,-90.8302883,Bernard,13.11,15.399,10.033333333333333
41.9497259,-91.5354538,Bertram,2.26,10.182,7.683333333333334
41.56085,-90.48344,Bettendorf,3.26,6.673,8.016666666666667
41.3605472,-93.7907776,Bevington,0.94,16.038,10.45
40.8789129,-91.9471165,Birmingham,11.76,21.038,14.566666666666666
42.4814442,-93.6430922,Blairsburg,3.64,16.218,11.966666666666667
41.9086563,-92.0845119,Blairstown,24.39,33.256,25.05
40.9614278,-92.6341184,Blakesburg,20.36,29.613,25.983333333333334
40.5791617,-95.2216466,Blanchard,34.03,52.262,40.333333333333336
41.9305435,-96.0819587,Blencoe,1.9,24.394,15.9
40.6155454,-94.4771826,Blockton,45.38,66.501,49.55
40.7516884,-92.4149074,Bloomfield,29.05,44.962,31.066666666666666
41.5089194,-90.7659767,Blue Grass,0.97,3.289,3.6
42.8683035,-94.2896879,Bode,46.32,56.111,43.05
40.6980874,-91.8032228,Bonaparte,21.55,31.384,21.233333333333334
41.7019329,-93.4607681,Bondurant,3.6,18.409,14.5
42.0597047,-93.8802273,Boone,5.54,7.552,7.016666666666667
41.8513741,-94.0091208,Bouton,2.02,2.873,2.8333333333333335
42.1758111,-94.106069,Boxholm,17.29,21.64,14.266666666666667
43.1910906,-96.005853,Boyden,11.94,17.684,17.95
40.5788801,-95.0299764,Braddyville,48.39,85.274,60.083333333333336
42.8030275,-94.4180271,Bradgate,40.41,60.034,43.766666666666666
42.3144359,-92.0021228,Brandon,1.57,16.187,11.2
41.5444325,-94.9241522,Brayton,5.37,18.084,11.883333333333333
42.1816509,-94.9769338,Breda,30.34,34.493,26.416666666666668
41.2449872,-94.6688623,Bridgewater,27.62,62.53,41.28333333333333
41.1747394,-91.8196149,Brighton,20.45,36.612,26.366666666666667
42.7738635,-92.9074177,Bristow,30.6,35.273,29.25
43.0977399,-93.8018875,Britt,36.41,52.405,38.18333333333333
42.4108256,-96.2139129,Bronson,10.84,17.964,13.05
41.7315717,-92.4453638,Brooklyn,3.98,18.31,13.75
42.8097123,-96.2691912,Brunsville,5.6,15.759,12.333333333333334
41.9180436,-95.3961102,Buck Grove,46.85,60.968,41.2
42.4173398,-93.3756168,Buckeye,3.41,24.212,15.983333333333333
41.4555873,-90.7209746,Buffalo,6.37,7.799,8.1
43.3857909,-93.9466193,Buffalo Center,29.69,55.631,38.88333333333333
40.8076529,-91.1128901,Burlington,0.96,3.069,4.35
43.1971854,-94.217741,Burt,52.2,76.521,56.36666666666667
41.2066696,-92.8840881,Bussey,18.39,29.519,21.8
41.8258585,-90.7581987,Calamus,15.63,17.901,13.833333333333334
42.3616978,-94.2952865,Callender,10.02,17.046,15.183333333333334
43.1835847,-91.8640482,Calmar,37.94,46.93,36.083333333333336
42.9463676,-95.5500069,Calumet,32.93,50.518,35.56666666666667
41.7853085,-90.2529064,Camanche,8.65,9.923,11.566666666666666
41.8983187,-93.5291019,Cambridge,3.89,30.056,20.516666666666666
40.6441959,-92.069899,Cantril,38.61,51.187,39.21666666666667
41.0499871,-94.8233111,Carbon,49.94,66.277,44.43333333333333
41.4986013,-93.4835466,Carlisle,3.71,4.918,6
43.4149647,-93.0149196,Carpenter,27.17,44.217,30.633333333333333
42.0655986,-94.8672793,Carroll,43.75,52.208,37.53333333333333
41.2366607,-95.4180561,Carson,26.56,55.103,39.13333333333333
41.2905534,-95.9180689,Carter Lake,2.5,12.441,13.016666666666667
42.2986159,-91.0148618,Cascade,1.01,4.888,5.483333333333333
41.5047095,-94.5183037,Casey,0.95,13.827,9.283333333333333
43.1118201,-91.6763612,Castalia,51.68,63.764,48.88333333333333
42.0744332,-95.9086206,Castana,19.08,42.319,29.4
42.5348993,-92.4453161,Cedar Falls,1.94,7.485,7.066666666666666
41.9778795,-91.6656232,Cedar Rapids,0.41,1.84,4.616666666666666
42.1161202,-91.0870939,Center Junction,12.9,19.108,13.8
42.1908265,-91.7851772,Center Point,1.84,18.332,14.9
40.7290565,-92.8738196,Centerville,47.61,67.749,47.13333333333333
42.2038829,-91.5240561,Central City,18.92,36.597,26.766666666666666
42.4722244,-90.8370738,Centralia,3.53,4.907,5.716666666666667
41.0199996,-93.3140985,Chariton,1.68,2.514,5.35
43.0663612,-92.6724112,Charles City,3.12,9.384,10.25
41.9603038,-90.4651329,Charlotte,16.28,27.881,18.833333333333332
42.0683221,-95.5916693,Charter Oak,44.67,68.076,48.016666666666666
42.9162418,-96.5164815,Chatsworth,22.98,41.519,25.1
41.9203126,-92.3945866,Chelsea,12.99,14.687,10.5
42.7496413,-95.5515431,Cherokee,44.78,63.362,43.583333333333336
43.4910768,-92.360449,Chester,36.68,70.527,47.7
41.086327,-92.5287502,Chillicothe,7.16,8.893,6.716666666666667
42.1519262,-94.4744169,Churdan,36.54,48.182,31.816666666666666
40.6308482,-92.9246459,Cincinnati,52.59,82.29,58.61666666666667
42.5888614,-94.3460793,Clare,15.86,26.158,18.916666666666668
41.888907,-91.0565423,Clarence,27.5,35.88,30.883333333333333
40.7419352,-95.038313,Clarinda,56,92.329,62.95
42.7316387,-93.732992,Clarion,23.14,45.899,31.616666666666667
42.7847,-92.6676907,Clarksville,11.56,13.798,9.733333333333333
42.9038759,-91.1473518,Clayton,48.16,56.76,46.166666666666664
43.1435564,-93.3788108,Clear Lake,1.88,3.983,5.216666666666667
40.8008223,-94.4757947,Clearfield,51.88,84.778,54.666666666666664
42.8122037,-95.7133746,Cleghorn,30.38,46.657,32.15
42.1138755,-93.1560365,Clemons,15.81,24.15,19.433333333333334
43.0035912,-91.652374,Clermont,54.32,65.232,45.95
41.8444735,-90.1887379,Clinton,13.66,15.395,14.35
40.6350076,-93.4513276,Clio,34.85,60.474,42.05
41.6060873,-93.77236,Clive,0.49,2.648,4.7
42.0794366,-92.4021334,Clutier,17.07,27.971,19.366666666666667
40.9156997,-95.2655543,Coburg,42.97,54.908,38.766666666666666
42.2808248,-91.5304412,Coggon,20.69,44.904,29.95
40.6544393,-95.2302597,Coin,37.97,67.098,47.18333333333333
42.6394355,-91.2020781,Colesburg,19.19,24.874,19.033333333333335
41.6770762,-93.2451249,Colfax,1.66,22.713,14.433333333333334
40.6191595,-95.1208123,College Springs,43.61,64.767,52.31666666666667
41.9027657,-93.3063179,Collins,11.7,14.477,14.033333333333333
42.0177653,-93.3152072,Colo,1.1,1.911,3.4166666666666665
41.2586363,-91.3743221,Columbus City,13.58,17.876,12.266666666666667
41.2786364,-91.3598775,Columbus Junction,14.47,18.415,17.25
43.1558053,-92.5940738,Colwell,12.32,18.843,15.2
41.3819687,-91.3498791,Conesville,17.51,49.466,32.483333333333334
42.2247077,-92.8746455,Conrad,24.47,32.984,28.866666666666667
40.7485991,-94.6188551,Conway,60.59,106.048,78.23333333333333
41.8708192,-94.6774786,Coon Rapids,42.07,52.628,39.28333333333333
41.1622416,-91.7112781,Coppock,20.3,32.338,21.75
41.6822756,-91.5960643,Coralville,1.33,9.003,8.716666666666667
40.9869306,-94.7335843,Corning,56.66,85.082,56.96666666666667
42.4749887,-95.785565,Correctionville,44.18,48.858,33.56666666666667
42.9927444,-93.9574516,Corwith,49.64,58.194,41.25
40.7569499,-93.3188229,Corydon,27.61,28.083,19.983333333333334
41.2919675,-91.4615474,Cotter,5.99,9.594,11.116666666666667
42.7338336,-93.3698768,Coulter,2.73,23.628,15.116666666666667
41.2619444,-95.8608333,Council Bluffs,2.08,22.252,15.583333333333334
42.8958224,-96.3097474,Craig,13.69,23.626,17.166666666666668
41.2139905,-91.5387401,Crawfordsville,7.97,9.02,5.9
41.364996,-95.8580668,Crescent,3.53,3.765,3.45
43.3813568,-92.1140547,Cresco,36.66,48.503,34.05
41.0586002,-94.3613474,Creston,47.73,55.371,40.18333333333333
41.0394328,-94.4619067,Cromwell,50.81,69.44,52.31666666666667
43.2232917,-93.7924434,Crystal Lake,35.91,56.099,41.3
41.2741551,-94.8702606,Cumberland,24.84,37.814,25.883333333333333
41.4833235,-93.7624442,Cumming,1.63,14.277,9.25
42.9787614,-94.7368076,Curlew,59.1,67.832,49.516666666666666
42.4647099,-95.6750061,Cushing,42.74,47.506,34.18333333333333
43.0886573,-94.5508866,Cylinder,65.81,94.973,68.8
42.7221935,-94.1971836,Dakota City,30.76,37.622,31.7
41.6843456,-93.9611859,Dallas Center,14.26,21.233,16.316666666666666
42.1072857,-94.2389006,Dana,18.88,24.965,16.916666666666668
42.2341562,-95.7222265,Danbury,40.97,66.037,47.06666666666667
40.8643403,-91.3146139,Danville,5.15,8.783,7.4
41.5236437,-90.5776367,Davenport,1.37,1.852,2.8
40.6391684,-93.8116131,Davis City,6.5,16.755,16.45
41.8426501,-94.2221108,Dawson,15.53,16.633,11.95
42.2613645,-94.0685672,Dayton,21.42,34.888,26.633333333333333
41.5315745,-94.0077785,De Soto,1.09,10.894,8.2
41.8239952,-90.5389662,De Witt,1.92,7.87,7.833333333333333
40.7419443,-93.8338346,Decatur City,0.69,17.211,10.966666666666667
43.3033056,-91.7857092,Decorah,49.08,68.241,49.65
41.9061833,-94.8222153,Dedham,45.64,78.216,50.916666666666664
41.5802811,-92.3749066,Deep River,12.91,27.404,19.416666666666668
41.8249876,-95.3386094,Defiance,36.43,56.474,38.8
42.4752682,-91.3454214,Delaware,0.64,17.129,11.183333333333334
42.4297143,-91.3309789,Delhi,4.55,9.064,10.416666666666666
42.0022453,-90.6070804,Delmar,4.07,11.493,11.533333333333333
42.0962471,-95.3151231,Deloit,43.98,56.431,40.71666666666667
40.6636026,-94.3394014,Delphos,35.25,72.821,55.86666666666667
41.322788,-92.3301841,Delta,26.6,45.581,29.866666666666667
42.024988,-95.3588867,Denison,52.64,66.057,46.6
42.6713718,-92.3374045,Denver,0.77,1.83,3.066666666666667
40.931668,-93.4563244,Derby,14.62,20.354,14.5
41.5183216,-94.2263482,Dexter,2.38,8.384,7.8
40.8094349,-94.3421793,Diagonal,42.82,60.415,47.81666666666667
43.1313557,-95.0236013,Dickens,56.46,66.303,47.85
42.4641498,-92.6282497,Dike,0.59,17.085,11.416666666666666
41.7428049,-90.7823673,Dixon,13.63,20.237,14.083333333333334
43.4653322,-94.615572,Dolliver,24.01,42.884,30.216666666666665
41.6947513,-90.675419,Donahue,9.08,17.408,15.183333333333334
40.6428152,-91.5646028,Donnellson,0.63,5.479,4.4
43.2794231,-96.2328025,Doon,32.69,47.28,38.45
42.9221925,-93.0421421,Dougherty,21.69,35.219,23.6
41.9288774,-95.4938899,Dow City,47.98,70.285,47.733333333333334
42.656564,-93.5010558,Dows,3.68,25.929,17.833333333333332
40.7983533,-92.4815754,Drakesville,25.37,46.422,31.75
42.5005583,-90.6645718,Dubuque,0.22,1.776,3.283333333333333
42.748585,-92.9724184,Dumont,32.01,58.704,38.86666666666667
42.4703633,-93.9932858,Duncombe,7.1,9.085,7.65
42.5791517,-91.5465384,Dundee,13.71,37.008,23.783333333333335
42.5699952,-92.1609371,Dunkerton,13.35,31.019,20.7
41.8543292,-95.6019662,Dunlap,37.87,64.986,45.45
42.5602775,-90.7756829,Durango,10.22,13.013,17.133333333333333
41.5997498,-90.9107037,Durant,3.79,13.129,10.083333333333334
42.4836415,-91.1140899,Dyersville,1.68,6.332,7.9
42.171659,-92.3062978,Dysart,28.25,48.69,35.016666666666666
42.6641396,-93.9044473,Eagle Grove,23.9,39.683,27.516666666666666
41.4915674,-94.1229834,Earlham,2.91,15.464,11.266666666666667
41.7765693,-95.4176808,Earling,31.01,46.477,31.916666666666668
42.4808256,-91.2709737,Earlville,1.28,5.214,7.666666666666667
42.4613706,-95.1519373,Early,1.32,1.684,2.933333333333333
41.2269364,-93.926336,East Peru,12.09,22.855,19.433333333333334
41.1605646,-92.6313031,Eddyville,0.78,3.243,2.5166666666666666
42.6444313,-91.4012515,Edgewood,19.52,31.068,21.983333333333334
42.0061054,-92.3168534,Elberon,18.99,22.931,16.733333333333334
40.9186301,-92.2229585,Eldon,8.69,12.129,13.1
42.3680382,-93.1057576,Eldora,6.98,27.409,18.95
41.6580864,-90.5845822,Eldridge,1.37,9.396,8.05
42.9574811,-91.6307065,Elgin,54.93,85.028,59.016666666666666
41.591655,-95.0599904,Elk Horn,10.55,19.159,15.766666666666667
42.4669324,-92.256572,Elk Run Heights,0.87,7.61,9.233333333333333
42.8538739,-91.4054159,Elkader,42.69,60.914,44.88333333333333
41.7916546,-93.5221591,Elkhart,4.04,23.022,14.033333333333333
42.7397104,-91.2779108,Elkport,29.89,42.441,30.6
41.1491582,-95.1638809,Elliott,38.93,55.845,40.53333333333333
40.8402713,-94.1085622,Ellston,23.84,42.559,29.883333333333333
42.3124934,-93.5787757,Ellsworth,0.8,21.562,13.85
43.2466362,-92.4360102,Elma,20.13,30.399,23.35
41.8736182,-91.585175,Ely,6.9,9.186,8.066666666666666
41.0172179,-95.4022179,Emerson,29.46,30.345,20.45
43.1127427,-94.6830357,Emmetsburg,61.59,81.904,58.56666666666667
42.4450016,-90.9320766,Epworth,0.83,6.267,8.25
40.8344024,-95.3073003,Essex,40.64,65.341,44.86666666666667
43.4013478,-94.8391532,Estherville,28.1,46.754,33.93333333333333
42.4691543,-92.281017,Evansdale,1.3,6.794,7.483333333333333
43.1616378,-95.3280572,Everly,39.4,46.858,34.65
41.591156,-94.8763141,Exira,10.45,19.184,13.75
40.6491835,-92.8404762,Exline,55.73,79.432,57.71666666666667
42.6391512,-92.0471199,Fairbank,21.11,44.266,33.416666666666664
41.9194471,-91.7810132,Fairfax,4.05,8.041,7.283333333333333
41.0076114,-91.9636914,Fairfield,2.7,8.208,7.283333333333333
42.4444448,-91.0051339,Farley,0.71,7.789,8.566666666666666
42.9610957,-91.3679144,Farmersburg,54.71,73.032,53.46666666666667
40.6403124,-91.7429429,Farmington,15.65,19.441,17.916666666666668
42.2760896,-94.403859,Farnhamville,21.55,28.303,19.55
40.7208593,-95.4808047,Farragut,21.33,42.567,29.816666666666666
42.8419255,-91.8021071,Fayette,42.47,64.015,49.43333333333333
43.2196851,-94.4305282,Fenton,50.54,62.898,46.06666666666667
41.936934,-92.8657529,Ferguson,7.61,9.254,11.083333333333334
43.2644001,-93.418263,Fertile,5.79,21.97,14.533333333333333
40.8650192,-92.3329612,Floris,15.39,32.41,22.55
43.1277502,-92.7363031,Floyd,3.91,4.22,3.7333333333333334
42.5813666,-94.8460957,Fonda,16.38,22.837,16.433333333333334
41.2897097,-94.5616359,Fontanelle,23.18,39.224,25.983333333333334
43.2624685,-93.6371937,Forest City,23.37,39.825,28.533333333333335
43.1433068,-91.9326637,Fort Atkinson,31.43,39.018,28.533333333333335
42.4974694,-94.1680158,Fort Dodge,5.86,13.9,13.583333333333334
40.6297634,-91.314535,Fort Madison,4.59,11.237,8.633333333333333
43.2421877,-95.1555519,Fostoria,44.18,75.818,50.03333333333333
40.6680932,-91.5112673,Franklin,4.69,7.014,5.133333333333334
42.1271312,-93.9698481,Fraser,11.61,18.669,17.8
42.9652547,-92.1996196,Fredericksburg,9.6,12.745,12.316666666666666
42.8816453,-92.3082344,Frederika,9.27,9.918,7.316666666666666
41.2846047,-91.3386762,Fredonia,16.22,20.663,18.416666666666668
41.2125116,-92.4354648,Fremont,13.16,20.167,16.583333333333332
41.3561152,-91.1287769,Fruitland,32.12,54.641,40.78333333333333
42.693076,-93.6055899,Galt,12.3,37.78,26.383333333333333
42.5069289,-95.4172221,Galva,21.88,28.696,22.716666666666665
42.7419328,-91.2620768,Garber,30.14,42.382,31.833333333333332
40.8272245,-93.6071621,Garden Grove,17.02,26.128,17.533333333333335
42.8685981,-91.2359644,Garnavillo,44.29,58.36,43.916666666666664
43.1023343,-93.6020858,Garner,20.22,36.009,26.25
42.1441612,-92.1437942,Garrison,23.07,43.21,30.4
42.0935999,-92.6757523,Garwin,12.4,18.892,13.566666666666666
42.6755165,-93.1296043,Geneva,23.2,39.591,28.616666666666667
43.3438624,-96.0022431,George,20.7,23.19,17.666666666666668
41.4811167,-92.3935181,Gibson,24.05,42.618,28.166666666666668
42.1069288,-93.6496628,Gilbert,7.38,22.845,15.85
42.4161001,-92.2149046,Gilbertville,3.1,9.708,7.366666666666666
43.0158045,-95.03749,Gillett Grove,61.17,70.975,49.46666666666667
41.8788799,-92.7893617,Gilman,14.65,17.078,15.35
42.7294176,-94.4477507,Gilmore City,33.39,50.179,36.38333333333333
42.1877647,-92.715199,Gladbrook,20.27,31.908,24.433333333333334
41.0469437,-95.7425056,Glenwood,1.72,7.162,7.033333333333333
42.0569297,-94.72887,Glidden,43.94,49.043,39.96666666666667
42.7349711,-93.9149462,Goldfield,31.81,47.695,35.05
42.9230219,-93.6163218,Goodell,21.72,30.34,21.65
41.9675262,-90.3829093,Goose Lake,17.02,31.075,22.133333333333333
42.2806289,-94.2907762,Gowrie,19.05,33.092,23.6
43.237733,-94.751303,Graettinger,47.18,66.485,47.85
42.4930565,-90.8712405,Graf,5.94,9.807,11.25
43.3299641,-93.0693679,Grafton,22.76,35.208,24.883333333333333
42.0313859,-94.2371186,Grand Junction,16.64,19.035,16.15
41.8247927,-90.6476151,Grand Mound,6.46,8.165,6.9
40.8194405,-93.9624481,Grand River,11.33,28.349,19.333333333333332
41.2758617,-91.1884837,Grandview,28.81,32.711,26.7
41.7610984,-93.8243923,Granger,1.47,2.202,2.4166666666666665
41.1427675,-94.9847084,Grant,39.49,47.48,32.75
42.9855402,-95.8736256,Granville,9.82,18.384,15.966666666666667
40.7605426,-94.7435821,Gravity,71.02,117.769,83.58333333333333
41.8394302,-94.9830448,Gray,38.09,48.002,34.583333333333336
42.5858221,-91.3415286,Greeley,12.88,15.938,13.166666666666666
42.8958066,-92.8024158,Greene,18.78,31.008,21.183333333333334
41.3052657,-94.4613543,Greenfield,21.22,33.205,23.583333333333332
43.01664,-95.1461046,Greenville,57.01,74.833,52.71666666666667
41.6883646,-93.7925199,Grimes,1.58,3.558,4.333333333333333
41.7434092,-92.7232456,Grinnell,5.27,33.963,23.433333333333334
41.234991,-95.1374929,Griswold,29.25,44.913,33.166666666666664
42.3616501,-92.7685327,Grundy Center,11.27,36.499,22.616666666666667
43.3932914,-94.7052597,Gruver,30.31,53.542,37.583333333333336
41.6486132,-92.342684,Guernsey,5.28,18.86,13.283333333333333
41.6772087,-94.5033044,Guthrie Center,20.17,28.891,19.683333333333334
42.7899897,-91.1029068,Guttenberg,35.62,41.388,34.1
42.0069297,-94.9699895,Halbur,49.77,56.732,45.416666666666664
40.6044458,-95.6577711,Hamburg,1.6,33.779,20.466666666666665
41.1699246,-92.9034876,Hamilton,19.84,30.062,20.75
42.7425009,-93.2103402,Hampton,13.95,21.703,15.766666666666667
41.3901703,-95.3633591,Hancock,12.05,29.671,20.233333333333334
43.2803948,-93.3786783,Hanlontown,2.34,21.564,13.8
42.756903200000004,-93.1043084,Hansell,21.32,45.148,28.533333333333335
42.2627534,-94.1757943,Harcourt,20.31,23.655,18.533333333333335
42.8105258,-94.0513432,Hardy,40.45,55.241,42.016666666666666
41.653044,-95.3255541,Harlan,17.29,36.528,26.133333333333333
41.3625116,-92.0510106,Harper,36.24,46.571,33.05
43.2005358,-91.1531852,Harpers Ferry,74.03,86.397,62.06666666666667
43.444903,-95.4335602,Harris,21.55,41.664,28.9
41.4594355,-93.4049333,Hartford,11.59,12.954,10.6
43.1802719,-95.4770511,Hartley,27.25,32.787,24.85
41.784875,-92.3448474,Hartwick,9.94,20.872,17.516666666666666
41.315833,-92.9240884,Harvey,8.22,22.985,18.633333333333333
41.0236518,-95.4992019,Hastings,21.29,22.135,14.45
42.8360833,-94.7005363,Havelock,43.06,48.474,35.016666666666666
41.9449889,-92.9607541,Haverhill,6.56,13.626,10.3
42.9963772,-96.4891976,Hawarden,24.97,37.725,25.666666666666668
42.9385894,-91.9501687,Hawkeye,30.07,36.014,30.05
41.2644569,-92.2490711,Hayesville,23.3,46.215,32.28333333333333
42.6174483,-91.9056039,Hazleton,18.82,21.44,18.733333333333334
41.1725134,-92.3087945,Hedrick,12.1,26.063,18.866666666666667
41.1405507,-95.43111,Henderson,29.48,40.542,27.166666666666668
40.8491568,-95.0172036,Hepburn,62.1,106.078,72.6
42.0491958,-91.6815252,Hiawatha,0.71,11.676,8.633333333333333
41.5541855,-91.5348875,Hills,0.97,15.51,11.533333333333333
40.8366959,-91.7157202,Hillsboro,16.14,22.603,24.2
42.6266175,-96.2924857,Hinton,8.44,8.642,5.433333333333334
42.3988715,-92.8004769,Holland,7.35,29.178,20.516666666666666
42.4891531,-95.545003,Holstein,32.1,37.42,28.45
42.6005516,-90.9956854,Holy Cross,17.18,27.372,20.483333333333334
42.3438857,-91.2484799,Hopkinton,13.68,19.527,17.4
42.2305463,-96.097517,Hornick,11.86,31.213,23.016666666666666
43.0719637,-95.9047077,Hospers,9.99,10.615,8
40.7836439,-91.6029375,Houghton,15.9,18.917,11.483333333333333
42.3055396,-93.3002055,Hubbard,16.08,32.429,22.783333333333335
42.406653,-92.4554671,Hudson,6.46,8.254,6.616666666666666
43.1885919,-96.1336329,Hull,21.98,27.837,24.433333333333334
42.7208047,-94.2152402,Humboldt,30.35,35.282,27.183333333333334
40.858892,-93.4974371,Humeston,22.53,33.454,23.466666666666665
41.895265,-93.6007732,Huxley,2.8,29.228,19.1
42.3462987,-95.4716235,Ida Grove,29.63,46.367,34.03333333333333
40.8794417,-95.4269371,Imogene,31.39,61.678,42.03333333333333
42.4685978,-91.8893386,Independence,2.23,22.666,15.366666666666667
41.3580484,-93.5574376,Indianola,16.42,21.229,15.566666666666666
43.3072022,-96.4319799,Inwood,29.51,39.66,29.433333333333334
43.0341414,-92.4560143,Ionia,10.32,17.511,13.966666666666667
41.6611277,-91.5301683,Iowa City,2.96,7.606,9.45
42.5198868,-93.2645741,Iowa Falls,8.01,28.107,19.066666666666666
42.97471,-96.3183585,Ireton,20.81,33.112,24.683333333333334
41.7916538,-95.2058286,Irwin,32.77,50.943,34.483333333333334
43.1149733,-92.0323906,Jackson Junction,22.9,29.555,22.366666666666667
41.8460962,-94.3096871,Jamaica,22.8,24.254,16.966666666666665
42.6438713,-92.458797,Janesville,0.61,9.037,8.383333333333333
42.0172457,-94.3774232,Jefferson,28.28,33.526,26.133333333333333
42.475543,-92.063788400000007,Jesup,2.95,19.177,14.266666666666667
42.306818,-93.6400274,Jewell Junction,5.81,20.847,15.15
41.6709834,-93.7130493,Johnston,2.15,7.482,9.166666666666666
43.3626927,-93.4540338,Joice,8.48,28.448,18.366666666666667
42.4788677,-94.7188696,Jolley,4.79,6.717,8.533333333333333
41.4830723,-91.7060015,Kalona,12.9,29.005,22.383333333333333
42.3910886,-93.72994,Kamrar,6.45,19.232,12.933333333333334
42.9377443,-93.7932746,Kanawha,36.07,47.367,35.13333333333333
40.7108291,-94.0499506,Kellerton,16.6,32.198,20.333333333333332
41.950542,-93.66522,Kelley,6.1,10.714,8.35
41.7180533,-92.9077629,Kellogg,4.01,21.992,15.883333333333333
43.3535696,-93.2104815,Kensett,11.19,26.417,17.333333333333332
40.4044731,-91.3963966,Keokuk,23.52,27.246,28.983333333333334
41.2883419,-92.5365785,Keomah Village,9.5,16.731,19.816666666666666
40.7303057,-91.9623949,Keosauqua,28.14,43.435,30.333333333333332
41.3639015,-91.9537859,Keota,33.63,46.413,35.86666666666667
41.4525084,-92.2393485,Keswick,27.27,43.033,29.383333333333333
41.9983294,-92.1974065,Keystone,28.56,32.213,22.7
41.628599,-95.0730466,Kimballton,14.68,25.187,18.8
42.588324,-95.9675165,Kingsley,27.4,40.468,28.65
41.4608441,-91.9868424,Kinross,25.23,43.291,31.783333333333335
41.7285986,-95.2652747,Kirkman,25.94,42.358,30.666666666666668
41.1455673,-92.5040772,Kirkville,7.59,12.923,9.5
42.1955423,-95.327774,Kiron,34.02,45.249,32.88333333333333
43.0069077,-93.6029884,Klemme,21.13,31.867,23.833333333333332
42.454588,-94.457458,Knierim,13.46,14.386,9.683333333333334
41.320343,-93.09967,Knoxville,2.06,6.048,6.783333333333333
42.2958455,-90.6209631,La Motte,15.1,19.176,11.833333333333334
42.3149911,-92.1921275,La Porte City,10.73,24.046,16.516666666666666
41.1897188,-93.382989,Lacona,21.41,25.701,18.65
41.7547247,-92.1835156,Ladora,6.65,23.738,17.133333333333333
42.2674828,-94.7338704,Lake City,20.84,24.991,21.716666666666665
43.419329,-93.5325269,Lake Mills,14.98,30.835,20.966666666666665
43.4532977,-95.3225004,Lake Park,20.38,42.477,29.516666666666666
42.3116499,-95.053324,Lake View,17.55,23.615,19.4
42.6213691,-95.1733278,Lakeside,16.58,18.188,13.983333333333333
43.3771806,-94.0938478,Lakota,31.47,53.991,37.21666666666667
41.7008717,-93.0789094,Lambs Grove,1.97,18.123,13.25
40.622777,-93.9341158,Lamoni,3.46,12.27,9.966666666666667
42.5985957,-91.6421006,Lamont,14.97,42.885,27.166666666666668
42.1844279,-94.6913689,Lanesboro,29.56,38.232,27.416666666666668
43.3609053,-91.218768,Lansing,55.7,60.54,43.25
43.4535861,-96.434205,Larchwood,17.28,27.586,20.1
42.8608138,-95.5452848,Larrabee,39.4,58.705,39.733333333333334
42.7633056,-93.3682594,Latimer,2.46,13.199,9.45
41.8841226,-92.9223156,Laurel,13.3,21.264,14.216666666666667
42.8466398,-94.8519296,Laurens,44.37,51.987,36.766666666666666
43.0695607,-92.1557563,Lawler,12.75,18.142,15.8
42.4786037,-96.1839121,Lawton,11.48,16.11,11.35
41.5975061,-90.3462215,Le Claire,2.25,19.45,14.266666666666667
42.006933600000004,-92.7754761,Le Grand,0.53,1.707,1.9666666666666666
42.7941567,-96.1655778,Le Mars,2.77,4.767,7.566666666666666
40.8777792,-93.5927169,Le Roy,17.64,38.646,31.05
43.4216241,-94.1621842,Ledyard,26.83,41.468,34.81666666666667
42.3599729,-94.0521771,Lehigh,11.39,21.896,14.95
41.3372242,-92.7871403,Leighton,8.64,10.693,8.216666666666667
43.3371775,-93.6352157,Leland,23.26,39.643,26.516666666666666
40.8816547,-94.5619095,Lenox,62.28,88.798,60.05
40.739724,-93.7477217,Leon,7.94,22.628,15.65
43.4375077,-96.3327156,Lester,19.09,44.386,29.083333333333332
41.3300271,-91.2362638,Letts,25.26,35.234,29.95
41.3058237,-95.0833248,Lewis,21.3,32.613,26.05
40.9575203,-92.0512863,Libertyville,5.64,15.54,12.433333333333334
42.124429,-94.7830386,Lidderdale,37.27,46.084,38.15
43.4488554,-92.2807251,Lime Springs,40.58,42.946,28.883333333333333
42.2627638,-92.6918654,Lincoln,22.63,38.7,27.3
41.6444317,-94.2691286,Linden,15.6,35.135,26.616666666666667
40.5843892,-93.5234432,Lineville,31.1,54.013,36.31666666666667
42.8916443,-95.2466637,Linn Grove,47.2,53.749,36.7
41.9211198,-91.3854466,Lisbon,12.54,13.099,10.083333333333334
42.1880411,-93.0071458,Liscomb,20.05,29.672,23.333333333333332
43.4441353,-95.8833524,Little Rock,12.71,24.287,18.183333333333334
41.8094323,-96.0211227,Little Sioux,2.85,23.859,16.216666666666665
42.8684765,-94.1849388,Livermore,46.77,56.544,41.31666666666667
40.9947756,-91.7475707,Lockridge,9.36,10.143,6.683333333333334
41.6430472,-95.7891614,Logan,14.49,28.749,19.4
42.2702588,-94.5485865,Lohrville,22.06,29.157,20.016666666666666
43.2201711,-94.3244079,Lone Rock,50.07,67.191,52.75
41.4880775,-91.425994,Lone Tree,10.43,15.655,12.183333333333334
41.6975304,-90.5826381,Long Grove,1.4,31.491,19.016666666666666
41.1283249,-94.0532835,Lorimor,23.14,53.412,33.3
41.9639095,-90.8176431,Lost Nation,13.89,17.676,15.8
41.1358371,-92.9040881,Lovilia,22.74,32.658,22.966666666666665
41.8016967,-90.3548535,Low Moor,1.62,10.814,10.433333333333334
41.8571761,-90.9250832,Lowden,24.84,43.996,32.45
42.9082323,-94.0845981,Lu Verne,51.04,68.918,51.833333333333336
43.0603496,-91.454584,Luana,65.62,93.535,67
41.0274991,-93.4599348,Lucas,12.67,14.271,11.583333333333334
41.9677627,-93.8188366,Luther,7.45,12.633,11.266666666666667
42.6027721,-91.0740206,Luxemburg,15.09,20.609,16.266666666666666
41.9055544,-92.1799056,Luzerne,23.35,44.642,35.55
41.5774965,-92.7835261,Lynnville,13.14,24.464,16.616666666666667
42.4230361,-94.8597071,Lytton,7.93,10.649,8.166666666666666
41.1927723,-95.4255553,Macedonia,29.14,54.278,36.46666666666667
41.2147121,-94.185232,Macksburg,31.35,38.404,25.683333333333334
41.8779511,-93.8156689,Madrid,9.81,13.378,13.583333333333334
41.6958226,-95.8766762,Magnolia,12.53,28.213,21.833333333333332
41.0525185,-91.9948961,Maharishi Vedic City,5.24,12.282,14.3
41.7083302,-92.559076,Malcom,1.32,31.601,21.633333333333333
42.9363589,-94.6822021,Mallard,54.17,56.883,43.31666666666667
40.6744348,-94.4121811,Maloy,41.49,81.098,58.5
41.006292,-95.5851456,Malvern,14.37,16.838,11.25
42.4857853,-91.4579698,Manchester,2.01,7.497,7.133333333333334
41.8896933,-95.233605,Manilla,43.69,63.933,45.38333333333333
43.2907924,-93.2032593,Manly,11.9,27.195,20.133333333333333
41.9091382,-95.0651328,Manning,45.89,55.867,43.38333333333333
42.5291439,-94.5341421,Manson,13.68,19.246,14.716666666666667
42.1658227,-95.7930621,Mapleton,31.99,56.454,37.9
42.0689088,-90.6656914,Maquoketa,1.52,6.088,6.083333333333333
42.8616407,-94.9824889,Marathon,45.39,56.962,41.15
42.965249,-92.8640832,Marble Rock,15.43,28.841,19.466666666666665
42.8272084,-95.8077912,Marcus,23.19,37.57,26.683333333333334
41.7927817,-92.0696253,Marengo,11.51,26.053,18.616666666666667
42.033279,-91.5968958,Marion,6.05,7.824,12.966666666666667
41.4513786,-95.1113809,Marne,5.09,15.71,11.666666666666666
43.0444284,-91.1781855,Marquette,63.86,77.29,64.28333333333333
42.0494674,-92.9080375,Marshalltown,5.1,8.819,9.683333333333334
42.0216714,-91.3598896,Martelle,5.77,7.561,7.883333333333334
41.3730474,-93.7357761,Martensdale,3.8,30.461,20.2
41.1789028,-92.2518487,Martinsburg,16.07,29.388,20.15
41.1805576,-92.9490895,Marysville,16.49,28.285,20.75
43.1535728,-93.2010367,Mason City,5.34,16.456,15.483333333333333
42.4794303,-91.5912668,Masonville,4.32,23.68,16.683333333333334
41.2541538,-94.7683112,Massena,27.03,44.636,30.616666666666667
43.2438658,-95.9352966,Matlock,11.13,21.58,14.466666666666667
42.9672095,-96.1850216,Maurice,13.06,19.372,15.366666666666667
41.8919322,-93.3996546,Maxwell,13.14,14.851,10.85
42.7738712,-91.88239,Maynard,36.15,60.275,42.333333333333336
41.6486402,-90.7168091,Maysville,5.6,20.152,14.333333333333334
42.1633191,-93.3952091,McCallsburg,14.44,34.072,23.233333333333334
41.7461421,-90.4431895,McCausland,10.07,20.506,13.65
41.3305512,-95.6836185,McClelland,4.44,29.449,20.066666666666666
43.0246813,-91.1812468,McGregor,61.68,74.983,61.81666666666667
43.4358006,-92.5937915,McIntire,29.55,47.853,35.18333333333333
41.9027909,-91.2546067,Mechanicsville,19.62,25.547,18.3
41.0080904,-91.1640369,Mediapolis,19.51,26.028,21.083333333333332
41.9413772,-93.1032569,Melbourne,9.68,13.801,10.566666666666666
41.2249966,-93.2413191,Melcher-Dallas,13.35,24.409,18.366666666666667
40.9749527,-93.0494741,Melrose,21.82,24.435,17.016666666666666
43.2874718,-95.609178,Melvin,15.11,25.816,18.05
41.5191542,-94.4044105,Menlo,2.57,16.149,12.8
42.795817,-95.6330648,Meriden,36.69,57.832,38.266666666666666
42.7197133,-96.2486357,Merrill,5.41,5.744,4.25
42.9123556,-93.4774669,Meservey,10.45,18.854,14.6
40.8271358,-91.2615169,Middletown,0.76,10.722,8.216666666666667
42.0483573,-90.3156857,Miles,26.04,34.532,27.9
43.3246863,-95.149996,Milford,35.01,66.018,42.06666666666667
41.5733401,-92.1599027,Millersburg,13.66,27.549,19.783333333333335
40.8500034,-93.3071551,Millerton,17.23,18.797,13.583333333333334
42.6999921,-91.0742964,Millville,25.82,31.69,23.666666666666668
41.2916612,-93.4424347,Milo,25,35.029,24.3
40.6733602,-92.1621241,Milton,36.43,54.076,45.8
41.7563366,-94.0277825,Minburn,8.85,9.896,8.933333333333334
41.4669362,-95.5427822,Minden,3.56,14.247,10.416666666666666
41.7674881,-93.2835392,Mingo,8.92,31.154,20.483333333333334
41.5563713,-95.8877767,Missouri Valley,2.48,22.714,15.2
43.3216363,-92.8668621,Mitchell,25.8,34.387,24.7
41.6666555,-93.3571534,Mitchellville,1.58,23.089,15.483333333333333
41.6205466,-96.0100118,Modale,1.44,23.485,16.483333333333334
41.7103572,-96.0205391,Mondamin,1.97,25.346,15.533333333333333
42.07696,-90.8798647,Monmouth,16.24,23.652,16.55
43.0516494,-91.3893041,Monona,64.75,88.535,64.13333333333334
41.5208256,-93.1038129,Monroe,1.1,9.108,8.483333333333333
41.585834,-92.5274091,Montezuma,12.4,27.834,19.716666666666665
42.2383351,-91.1870937,Monticello,1.44,4.64,4.766666666666667
41.9813789,-92.7149187,Montour,6.15,7.106,5.133333333333334
40.5322644,-91.414876,Montrose,10.29,11.394,7.95
41.9224881,-95.8513975,Moorhead,20.91,41.332,31.85
42.4419167,-94.2960772,Moorland,1.11,8.36,9.233333333333333
40.8916777,-92.8190852,Moravia,32.86,47.51,38.38333333333333
42.0061198,-91.2462728,Morley,9.78,13.982,9.866666666666667
41.0961428,-91.2576511,Morning Sun,24.03,35.848,29.4
42.3441514,-92.6738081,Morrison,13.45,29.947,20.416666666666668
40.6858857,-92.6771915,Moulton,44.37,73.179,51.35
42.2566856,-92.0928678,Mount Auburn,10.96,23.983,16.483333333333334
40.7147147,-94.235232,Mount Ayr,29.53,54.842,34.68333333333333
40.9716959,-91.5487714,Mount Pleasant,1.89,11.446,11.216666666666667
40.6178099,-91.9321165,Mount Sterling,31.4,44.074,35.03333333333333
41.0578079,-91.3904332,Mount Union,13.88,26.585,20.483333333333334
41.9219522,-91.4168371,Mount Vernon,9.94,10.481,8.05
42.4888809,-96.0725193,Moville,20.64,31.604,21.466666666666665
41.0417646,-93.9493246,Murray,13.12,20.535,16.483333333333334
41.424473,-91.0432051,Muscatine,23.49,41.644,32.983333333333334
40.7796806,-92.9449772,Mystic,39.39,54.91,40.916666666666664
42.9522221,-92.5386382,Nashua,0.9,6.69,6.816666666666666
42.5158137,-95.088324600000007,Nemaha,6.66,9.72,8.466666666666667
41.4488816,-95.6155615,Neola,0.94,13.296,8.466666666666667
42.0227184,-93.4523014,Nevada,2.15,3.604,6.1
43.496621,-91.287721199999993,New Albin,40.21,42.411,29.683333333333334
43.0592724,-92.317864,New Hampton,1.42,7.487,6.25
42.5669261,-92.6221368,New Hartford,11.74,35.137,23.666666666666668
41.7178039,-90.8790371,New Liberty,9.53,19.693,12.933333333333334
40.9269776,-91.3995992,New London,1.89,5.211,6.566666666666666
40.7311,-94.8996976,New Market,66.04,98.453,69.68333333333334
42.2810955,-93.1715923,New Providence,16.25,36.323,24.066666666666666
41.4666683,-92.6474129,New Sharon,18.48,23.931,20.716666666666665
42.5480503,-91.1143005,New Vienna,8.75,14.218,11.816666666666666
41.1822168,-93.7288305,New Virginia,4.64,16.477,12.433333333333334
42.6055342,-95.002767,Newell,17.21,19.688,15.1
41.9955551,-91.9676815,Newhall,14.92,18.517,12.416666666666666
41.7033177,-93.0573533,Newton,2.46,12.315,13.85
41.4811351,-91.3076576,Nichols,20.28,25.029,17.5
40.9377263,-94.8935601,Nodaway,62.32,79.56,52.81666666666667
43.1427466,-93.0043668,Nora Springs,3.04,7.775,8.433333333333334
42.6797163,-90.9565171,North Buena Vista,26.43,37.044,27.966666666666665
41.5138978,-92.0762891,North English,19.46,30.26,21.983333333333334
41.739482,-91.6080974,North Liberty,2.95,13.168,11.266666666666667
43.1180284,-92.4168452,North Washington,8.17,14.503,10.133333333333333
40.6077742,-95.2916488,Northboro,31.36,49.147,41
43.4441245,-93.2210371,Northwood,10.38,29.945,18.9
41.475546,-93.6788304,Norwalk,4.35,9.106,9.483333333333333
41.9027805,-91.9215691,Norway,12.63,17.175,11.716666666666667
40.6880678,-92.9779805,Numa,44.8,63.784,44.733333333333334
41.3094375,-95.3957997,Oakland,21.36,35.664,25.883333333333333
41.7199004,-92.8215666,Oakland Acres,3.15,23.262,15.466666666666667
41.0997561,-91.0445898,Oakville,32.1,36.536,26.8
43.4178725,-95.5346906,Ocheyedan,14.57,18.976,14.65
42.3110926,-95.2526878,Odebolt,19.75,27.07,20.85
42.6784949,-91.9119586,Oelwein,25.61,28.32,25.333333333333332
42.0395595,-94.0320167,Ogden,1.17,2.71,3.4166666666666665
43.3863521,-95.1483293,Okoboji,28.17,59.462,40.75
41.1341914,-91.5448829,Olds,15.14,15.658,10.2
41.9980675,-91.1415456,Olin,15.24,20.548,16.3
41.19807,-92.0924001,Ollie,21.53,27.65,19.75
42.0266548,-96.0972376,Onawa,2.63,22.707,15.133333333333333
42.1069559,-91.0151466,Onslow,17.79,25.777,18.083333333333332
43.0072087,-96.0583523,Orange City,5.14,10.752,10.85
43.2274731,-92.7721384,Orchard,15.38,18.562,13.766666666666667
41.203044,-94.4146845,Orient,32.59,39.18,27.55
43.4471715,-95.0926138,Orleans,21.15,35.176,26.466666666666665
43.2841382,-92.8190838,Osage,22.57,27.607,20.083333333333332
41.0342618,-93.766759,Osceola,2.16,4.866,6.566666666666666
41.2916728,-92.6493595,Oskaloosa,2.11,7.857,7.116666666666666
43.145809,-91.7632108,Ossian,45.04,55.555,43.55
42.7336012,-91.1579083,Osterdock,29.23,38.111,29.25
42.4246934,-94.1502372,Otho,3.13,4.427,7.583333333333333
42.2838792,-95.8930651,Oto,29.37,54.062,34.68333333333333
42.8949702,-94.3799697,Ottosen,49.85,74.67,52.78333333333333
41.0160293,-92.4083022,Ottumwa,2.54,4.122,5.75
42.4335928,-93.2071473,Owasa,4.08,15.638,10.166666666666666
41.7233397,-91.7906751,Oxford,3.99,24.751,17.633333333333333
41.9836283,-90.9562592,Oxford Junction,24.32,35.036,23.516666666666666
42.8186005,-96.0586308,Oyens,8.91,17.449,12.45
41.0187126,-95.8010851,Pacific Junction,1.52,9.165,6.733333333333333
41.1327937,-92.0826771,Packwood,14.35,19.589,12.85
42.6305314,-94.6005333,Palmer,20.71,29.137,24.533333333333335
42.0660485,-91.7961118,Palo,8.21,17.639,15.35
41.7263768,-95.4722239,Panama,25.37,40.938,26.9
41.6916535,-94.3630215,Panora,22.06,32.733,24.933333333333334
41.5555888,-90.4531878,Panorama Park,4.66,16.526,13.466666666666667
42.5774797,-92.7868634,Parkersburg,12.8,37.669,26.75
41.5830644,-92.0040662,Parnell,11.59,27.694,19.683333333333334
42.165256,-94.2530197,Paton,23.46,32.958,23.05
41.3483244,-93.8805023,Patterson,8.5,23.933,16.516666666666666
42.9791479,-95.6880657,Paullina,23.6,36.862,26.383333333333333
41.4080327,-92.916405,Pella,2.08,6.971,7.05
42.4491375,-90.8504116,Peosta,1.07,6.959,8.7
41.8385964,-94.1071797,Perry,5.98,6.957,6.266666666666667
41.5805459,-95.5669489,Persia,9.12,17.448,11.95
42.9180333,-95.3438893,Peterson,47.5,67.17,47.31666666666667
42.5441562,-95.867513,Pierson,36.78,51.747,36.68333333333333
42.1644225,-94.0166209,Pilot Mound,15,18.879,16.916666666666668
42.6538621,-94.3924703,Pioneer,23.92,37.463,29.433333333333334
41.8313769,-95.9255655,Pisgah,11.13,31.445,21.2
42.8430793,-92.5371264,Plainfield,0.41,7.043,9.116666666666667
40.7555649,-93.046593,Plano,35.31,53.788,37.18333333333333
41.5873903,-93.5196138,Pleasant Hill,1.16,5.383,6.066666666666666
41.1472398,-91.8590602,Pleasant Plain,16.55,25.346,22.3
40.5805596,-93.7438345,Pleasanton,13.18,26.728,22.383333333333333
41.3869578,-93.2682683,Pleasantville,12.52,15.178,11.516666666666667
42.8784551,-94.6233643,Plover,47.8,54.664,40.88333333333333
43.2446852,-93.1215924,Plymouth,14.44,29.661,21.033333333333335
42.7355299,-94.6691467,Pocahontas,31.79,35.066,28.716666666666665
41.7713764,-93.7129997,Polk City,6.38,8.978,9.083333333333334
42.5510885,-94.6838687,Pomeroy,11.3,15.377,12.533333333333333
42.5938659,-93.4260393,Popejoy,8.74,25.598,22.233333333333334
41.649851,-95.519072,Portsmouth,16.9,33.63,25
43.084702,-91.5682015,Postville,60.4,73.649,57.11666666666667
41.599434,-93.2352053,Prairie City,1.17,6.979,6.433333333333334
42.2383284,-91.4223828,Prairieburg,18.99,24.528,22.066666666666666
41.0230428,-94.6135795,Prescott,52.39,81.816,56.28333333333333
42.0502844,-90.3960275,Preston,21.59,31.647,23.583333333333332
43.0869215,-95.627232,Primghar,17.85,28.592,21.366666666666667
41.6748689,-90.3409096,Princeton,9.71,27.726,20.266666666666666
40.7475076,-93.1471516,Promise City,31.61,44.207,30.4
43.2160819,-92.0910011,Protivin,23.08,32.006,23.333333333333332
40.696969,-92.2732386,Pulaski,33.53,43.737,43.983333333333334
42.394432,-91.7610035,Quasqueton,7.48,30.29,19.583333333333332
42.6302637,-95.6419522,Quimby,43.63,58.617,41.233333333333334
42.3152613,-93.4343757,Radcliffe,11.14,31.909,20.766666666666666
43.4838443,-93.9188415,Rake,18.78,38.955,25.8
42.0416514,-94.6330332,Ralston,45.52,60.903,45.65
42.8630359,-91.8857222,Randalia,36.97,49.88,40.95
42.2372154,-93.6030745,Randall,2.68,13.66,9.683333333333334
40.8730547,-95.5663852,Randolph,19.69,30.955,22.366666666666667
40.8011228,-92.8888099,Rathbun,41.8,57.993,44.266666666666666
42.468826,-92.2200485,Raymond,2.16,6.11,7.033333333333333
42.7036787,-92.2253667,Readlyn,9.17,19.89,14.116666666666667
41.5783259,-93.0232541,Reasnor,9.52,16.014,15.433333333333334
41.0170937,-95.2214477,Red Oak,44.63,45.651,31.8
40.6047134,-94.387736,Redding,37.92,58.491,43.583333333333336
41.5894322,-94.19607,Redfield,8.1,21.595,14.933333333333334
42.323597,-92.5993615,Reinbeck,15.34,33.518,23.833333333333332
42.8255331,-95.1663837,Rembrandt,39.25,40.292,27.983333333333334
42.8125933,-95.9733503,Remsen,15.89,18.692,17.116666666666667
42.8280253,-93.981062,Renwick,42.57,51.049,41.516666666666666
41.9255437,-93.1863143,Rhodes,13.24,19.061,12.683333333333334
43.3638571,-92.5540687,Riceville,32.87,43.918,30.4
41.1855708,-91.992953,Richland,19.58,32.865,24.55
42.583331,-90.8840176,Rickardsville,16.02,22.421,25.633333333333333
42.1269332,-95.5750019,Ricketts,47.19,75.722,54.06666666666667
43.2977472,-91.9876632,Ridgeway,35.36,49.721,32.983333333333334
42.3397016,-94.4885846,Rinard,18.79,26.422,17.8
43.2946832,-94.5116428,Ringsted,42.86,50.924,40.833333333333336
41.9338725,-94.2013503,Rippey,17.34,25.192,18.283333333333335
41.5444778,-90.4581879,Riverdale,4.95,6.612,7.6
41.4797413,-91.5812759,Riverside,2.55,5.451,6.883333333333334
40.686945,-95.5686027,Riverton,13.23,31.555,20.383333333333333
42.0711084,-91.6668444,Robins,3.18,10.51,8.783333333333333
43.2055206,-93.0890915,Rock Falls,10.27,22.433,17.616666666666667
43.4271945,-96.1758598,Rock Rapids,23.73,39.13,28
43.2052594,-96.2950263,Rock Valley,33.29,48.826,37.36666666666667
43.0521922,-92.9485301,Rockford,8.98,13.513,10
42.985244,-93.1918688,Rockwell,12.23,30.733,21.1
42.3952576,-94.6338671,Rockwell City,6.5,8.926,8.95
43.0285792,-94.531087,Rodman,65.29,78.705,57.61666666666667
42.2055458,-95.9525106,Rodney,22.48,41.493,28.633333333333333
42.1663746,-93.5018791,Roland,5.66,24.818,16.266666666666666
42.8127501,-94.5269204,Rolfe,41.86,51.479,37.71666666666667
40.9847479,-91.6834982,Rome,3.92,5.023,5.316666666666666
41.3219532,-92.4621318,Rose Hill,16.73,22.279,21.083333333333332
43.0133076,-95.1886059,Rossie,53.84,72.868,51.5
42.740806,-93.5527076,Rowan,10.71,21.669,13.933333333333334
42.3699889,-91.8440621,Rowley,9.37,27.659,19.05
43.0655294,-95.2838876,Royal,44.71,58.114,42.166666666666664
43.1260815,-92.9057526,Rudd,8.95,9.685,5.966666666666667
41.5111013,-93.3574318,Runnells,12.81,19.813,13.166666666666666
40.9836551,-93.1982315,Russell,9.37,11.766,10.4
43.1291322,-94.8991531,Ruthven,57.36,93.362,62.13333333333333
42.7591386,-94.297744,Rutland,34.2,44.708,34.63333333333333
42.3513791,-91.4815456,Ryan,12.54,40.143,25.65
42.0711347,-90.1740169,Sabula,31.9,43.119,31.333333333333332
42.4222033,-94.9897109,Sac City,4.22,6.216,5.283333333333333
42.5527782,-90.7090161,Sageville,6.24,8.152,11.933333333333334
40.8528085,-91.6201612,Salem,11.27,14.94,11.183333333333334
42.3083253,-96.2878044,Salix,1.19,22.157,13.783333333333333
43.1816421,-95.6555674,Sanborn,12.76,18.481,14.983333333333333
41.3708263,-93.386322,Sandyville,19.51,27.763,20.816666666666666
43.4693987,-93.6174391,Scarville,21.72,38.255,29
42.4997048,-95.2930523,Schaller,11.74,18.685,14.2
42.1652658,-95.4369432,Schleswig,41.4,57.313,40.95
42.0224844,-94.5452524,Scranton,42.13,46.812,35.333333333333336
41.5805534,-92.7035243,Searsboro,12.94,42.719,26.383333333333333
42.4029802,-96.3588424,Sergeant Bluff,0.7,8.426,8.25
40.6822273,-93.1197708,Seymour,39.19,53.044,37.266666666666666
40.6588798,-95.0319224,Shambaugh,52.32,77.584,57.86666666666667
40.9016575,-94.2632877,Shannon City,38.05,65.331,44.1
40.8024876,-94.6424676,Sharpsburg,64.59,110.366,76.18333333333334
42.8944129,-93.2118688,Sheffield,11.34,31.623,21.45
41.5161017,-95.45028,Shelby,2,20.908,14.033333333333333
41.8635423,-93.6955061,Sheldahl,10.37,27.669,19.966666666666665
43.1812107,-95.8569539,Sheldon,1.99,7.472,7.6
42.710237,-92.5829563,Shell Rock,4,17.566,15.083333333333334
42.0945385,-91.8693231,Shellsburg,11.28,31.368,24.333333333333332
40.7667389,-95.3761506,Shenandoah,31.46,66.476,49.233333333333334
42.6038868,-90.7845716,Sherrill,14.61,19.766,22.3
41.8505633,-91.6465645,Shueyville,1.81,24.079,15.433333333333334
43.3999861,-95.7516395,Sibley,1.98,6.885,8.2
40.7483337,-95.6474959,Sidney,13.2,31.408,23.85
41.3333445,-92.2046255,Sigourney,31.76,50.147,35.05
41.1133311,-95.637226,Silver City,13.13,18.724,12.45
43.0797991,-96.1756935,Sioux Center,17.13,25.37,20.883333333333333
42.4999942,-96.4003069,Sioux City,1.27,16.084,15.35
42.8933093,-95.1511051,Sioux Rapids,46.79,46.765,32.13333333333333
41.8778194,-93.6821269,Slater,9.21,38.802,23.466666666666665
42.2337584,-96.2244905,Sloan,1.51,21.522,16.1
42.229157,-95.9308434,Smithland,25.22,44.893,30.95
41.9852663,-95.7794517,Soldier,27.44,42.856,30.633333333333333
41.8072344,-91.4940604,Solon,13.42,23.853,17.516666666666666
42.3784454,-94.430297,Somers,13.88,18.634,14.1
41.452232,-92.090456,South English,26.4,37.424,26.633333333333333
43.1450748,-95.144318,Spencer,54.42,63.24,46.61666666666667
43.2049718,-91.9509965,Spillville,32.16,44.631,32.93333333333333
43.4226192,-95.1022313,Spirit Lake,23.91,36.691,24.883333333333333
42.0725226,-90.4351311,Spragueville,18.63,30.389,21.55
41.4122722,-93.6509177,Spring Hill,9.98,24.49,17.883333333333333
41.7728729,-94.4713893,Springbrook,30.87,41.544,31.283333333333335
42.0594453,-91.4426703,Springville,8.75,9.663,8.383333333333333
43.3784811,-92.9203887,St. Ansgar,30.15,39.752,28.083333333333332
42.1222087,-93.194926,St. Anthony,15.5,21.649,19.75
41.2883257,-93.8093887,St. Charles,2.69,16.858,13.25
42.3608433,-90.5392951,St. Donatus,11.58,49.513,36.65
43.0665745,-91.9332498,St. Lucas,30.79,38.715,31.366666666666667
41.3089145,-93.7327191,St. Marys,4.12,18.3,13.433333333333334
42.9285957,-91.3862484,St. Olaf,51.1,74.534,53.1
40.7696706,-91.5164208,St. Paul,14.31,17.97,12.15
43.4389912,-92.7822974,Stacyville,26.13,31.482,28.95
42.2888698,-93.7960607,Stanhope,17.88,31.504,22.566666666666666
42.6427617,-91.8126663,Stanley,20.61,41.977,32.43333333333333
40.9777689,-95.1016534,Stanton,55.02,57.71,39.18333333333333
41.8930715,-91.1507132,Stanwood,24.55,35.085,25.616666666666667
42.0166544,-93.1635365,State Center,11.22,12.203,9.35
42.4055374,-93.0724235,Steamboat Rock,5.32,15.923,11.85
40.8575265,-91.8351687,Stockport,17.1,26.815,18.55
41.5910797,-90.8565882,Stockton,4.68,15.713,12.066666666666666
42.6430359,-95.2019399,Storm Lake,19.32,22.541,18.883333333333333
42.1871601,-93.5955532,Story City,2.14,13.32,10.466666666666667
42.52637,-92.7118626,Stout,8.1,24.898,17.316666666666666
42.2713655,-93.9271721,Stratford,19.82,26.322,23.566666666666666
42.6835955,-91.5340348,Strawberry Point,24.75,47.44,31.5
42.8952663,-96.1953,Struble,8.76,18.006,13.016666666666667
41.5034243,-94.3183715,Stuart,1.21,14.158,10.25
41.5783288,-92.8449164,Sully,12.42,27.978,20.383333333333333
42.8474801,-92.0915633,Sumner,22.57,31.099,26.416666666666668
43.4322956,-94.9473346,Superior,23.42,55.517,36.5
42.9741434,-95.4975058,Sutherland,33.8,52.145,37.516666666666666
42.9771521,-93.314887,Swaledale,2.4,21.823,14.433333333333334
41.4652689,-93.3113196,Swan,15.11,32.802,25.133333333333333
43.384403,-94.3149681,Swea City,31.85,48.047,31.983333333333334
41.8458406,-91.693232,Swisher,2.22,10.9,9.483333333333333
40.8983329,-95.6713891,Tabor,10.8,37.385,23.533333333333335
41.9627392,-92.576753,Tama,2.21,6.408,6.55
41.9183824,-94.9430298,Templeton,46.88,61.854,43.31666666666667
41.5936006,-95.4411127,Tennant,10.56,28.329,19
43.3057947,-94.9716565,Terril,37.18,67.213,44.05
41.0280479,-94.0507827,Thayer,21.53,27.502,20.966666666666665
43.3713445,-93.7735556,Thompson,31.13,46.776,33.11666666666667
42.6880263,-94.0493982,Thor,27.03,41.61,32.28333333333333
41.4547292,-92.3357394,Thornburg,26.85,41.611,27.433333333333334
42.9444529,-93.3846691,Thornton,2.81,10.492,8.133333333333333
40.8200005,-95.7477788,Thurman,4.92,19.759,13.766666666666667
41.7069149,-91.6632783,Tiffin,1.46,7.465,6.483333333333333
40.8527699,-94.1952307,Tingley,31.27,54.614,38.11666666666667
41.7697434,-91.1279349,Tipton,13.86,17.004,12.3
43.236906,-94.0413443,Titonka,47.08,66.355,47.56666666666667
41.9972134,-92.5835266,Toledo,1.67,9.367,9.216666666666667
41.9050213,-90.8640346,Toronto,20.04,27.909,23.55
42.1936007,-92.4654688,Traer,25.36,40.455,29.566666666666666
41.2324965,-95.6130608,Treynor,15.28,36.134,24.316666666666666
42.8080363,-92.2582341,Tripoli,11.82,16.417,11.433333333333334
42.729146,-95.1827734,Truesdale,28.6,31.064,21.866666666666667
41.2097152,-93.8466116,Truro,5.65,14.532,12.216666666666667
42.0194325,-95.9663995,Turin,13.4,33.251,21.933333333333334
40.7797502,-92.7421407,Udell,40.4,71.114,54.05
41.3869388,-95.676674,Underwood,0.84,18.812,13.966666666666667
42.2455405,-93.0646468,Union,20.99,36.903,28.85
40.8183488,-92.6954705,Unionville,34.64,62.102,45.75
41.6550163,-91.5568354,University Heights,2.28,6.914,7.716666666666667
41.2869513,-92.6185251,University Park,3.46,10.211,12.666666666666666
42.2241596,-91.8743444,Urbana,0.87,5.621,5.65
41.6266555,-93.7121656,Urbandale,2.9,7.229,9.2
42.0502666,-95.7063942,Ute,35.03,57.697,39.86666666666667
42.0594309,-95.2002723,Vail,46.09,64.525,46.11666666666667
41.7299883,-93.3252075,Valeria,6.23,20.385,14.016666666666667
42.0086088,-92.091016,Van Horne,25.19,29.568,19.833333333333332
41.5333223,-93.9543949,Van Meter,1.51,12.101,9.75
40.8697209,-93.7929993,Van Wert,0.9,14.96,11.733333333333333
42.6580327,-94.8977642,Varina,23.04,34.711,25.233333333333334
43.1291257,-93.4779849,Ventura,9.91,25.079,17.783333333333335
41.7316675,-92.2979615,Victor,4.08,14.737,12.1
40.9296034,-94.9766416,Villisca,63.2,69.999,49.86666666666667
42.5919143,-94.0202301,Vincent,17.65,28.504,20.85
41.9901859,-92.3818567,Vining,13.35,16.112,11.7
42.1646477,-92.0185651,Vinton,13.78,30.531,22.483333333333334
42.8047058,-91.5409782,Volga,38,64.21,43.56666666666667
42.84276,-91.6568201,Wadena,42.18,70.616,46.75
43.366075,-95.1719411,Wahpeton,30.36,54.094,34.43333333333333
41.585543,-90.7743819,Walcott,3.4,19.836,14.183333333333334
41.8783375,-91.8346236,Walford,10.07,14.266,10.966666666666667
42.2866572,-91.7807299,Walker,9.52,22.687,17.783333333333335
42.2710952,-95.093047,Wall Lake,22.64,29.787,24.783333333333335
43.3198193,-94.794901,Wallingford,37.55,56.276,40.15
41.4774899,-95.2219405,Walnut,2.25,21.241,14.85
41.1814193,-91.1854273,Wapello,31.29,42.066,30.25
41.3014077,-91.6916417,Washington,12.21,19.416,15.75
42.5755429,-95.7175088,Washta,45.11,60.7,41.2
42.492786,-92.3425775,Waterloo,0.16,1.372,2.1666666666666665
43.2077573,-91.297633,Waterville,72.35,82.784,60.5
43.056086,-92.0332254,Waucoma,22.83,29.612,24.1
41.6119903,-93.8855768,Waukee,5.41,11.965,13.35
43.2694208,-91.475695,Waukon,66.96,77.68,54.56666666666667
42.7272032,-92.4668511,Waverly,4.01,13.341,12.4
41.1472434,-91.6607207,Wayland,18.62,33.305,22.683333333333334
42.9485835,-95.0119338,Webb,54.2,67.464,49.266666666666666
41.4383427,-92.1690689,Webster,28.68,46.614,30.966666666666665
42.4694321,-93.8159149,Webster City,2.35,17.714,12.633333333333333
40.8974992,-93.7349421,Weldon,6.24,24.565,16.366666666666667
41.4641806,-91.8382273,Wellman,24.05,28.424,25.983333333333334
42.4328011,-92.9250864,Wellsburg,3.37,24.882,16.266666666666666
41.9080812,-90.5954147,Welton,8.71,10.01,6.483333333333333
43.0886148,-93.9931467,Wesley,51.98,68.455,49.2
42.9600447,-94.4450576,West Bend,57.93,77.729,56.3
41.6714086,-91.3465521,West Branch,0.93,17.589,11.35
40.8250386,-91.1565357,West Burlington,1.12,4.568,5.783333333333333
41.3389036,-91.8176711,West Chester,22.17,32.468,24.8
41.5772115,-93.711332,West Des Moines,1.79,2.642,4.516666666666667
41.5700231,-91.2637695,West Liberty,10.41,27.102,19.316666666666666
43.3532972,-95.1624963,West Okoboji,31.8,65.132,42.166666666666664
40.7167039,-91.4501542,West Point,9.51,18.612,13.783333333333333
42.9627564,-91.8082167,West Union,41.49,44.756,35.63333333333333
42.7562147,-96.6039438,Westfield,10.5,47.463,29.3
42.7699822,-91.9962845,Westgate,28.46,34.28,24.233333333333334
41.7197101,-95.3947221,Westphalia,24.94,37.866,26.6
42.0760967,-95.0988811,Westside,43.56,56.256,43.28333333333333
40.9655832,-91.6237738,Westwood,1.54,9.249,9.7
41.401397,-92.3546288,What Cheer,28.82,39.418,30.166666666666668
41.8316906,-90.8382014,Wheatland,22.15,32.615,24.966666666666665
42.1269338,-96.1508521,Whiting,4.25,30.458,19.533333333333335
43.0634809,-94.4221252,Whittemore,67.77,79.945,57.85
42.2608178,-93.0054795,Whitten,21.36,38.766,28.516666666666666
41.9791526,-94.8222064,Willey,53.74,86.33,57.31666666666667
42.489423,-93.5446544,Williams,2.46,9.426,7.733333333333333
41.6611187,-92.0090673,Williamsburg,2.94,12.765,11.066666666666666
41.0877764,-93.2549305,Williamson,10.19,12.556,12.333333333333334
41.5889154,-91.0168179,Wilton,5.31,21.92,16.533333333333335
41.6038268,-93.7105118,Windsor Heights,1.18,2.748,5.516666666666667
41.123083,-91.4412683,Winfield,16.48,22.942,15.166666666666666
41.3308237,-94.0138393,Winterset,19.81,30.511,23.6
42.4733189,-91.7343327,Winthrop,1.63,16.222,11.866666666666667
41.4024223,-94.8885302,Wiota,10.66,21.318,15.166666666666666
43.2330157,-93.9091158,Woden,45.43,66.692,50.06666666666667
41.7340073,-95.7074104,Woodbine,26.38,56.906,37.1
41.0119428,-93.5991047,Woodburn,16.2,25.246,21.983333333333334
41.857276,-93.9222218,Woodward,2.57,6.477,7.5
42.5648713,-93.8427532,Woolstock,13,26.055,19.183333333333334
42.3963877,-91.1198617,Worthington,8.16,14.15,11.6
42.0591801,-91.0073701,Wyoming,21.89,24.348,18.233333333333334
41.7766528,-94.3580219,Yale,27.59,33.405,23.4
42.3160934,-94.8460959,Yetter,17.45,23.223,16.5
40.7333264,-95.1569266,Yorktown,46.19,83.392,57.666666666666664
42.1610971,-93.2971505,Zearing,17.07,24.373,19.35
42.2977891,-90.6876307,Zwingle,13.5,24.13,16.7
