"latitude","longitude"
43.0990658,-93.3461695
43.0031376,-95.9930866
41.4403319,-90.3213495
41.4512135,-90.3346916
41.569274,-90.357141
41.563889,-93.874659
41.549083,-93.949706
41.541161,-94.005059
41.517759,-94.117947
41.516725,-94.192102
41.510691,-94.199661
41.517523,-94.127182
41.567125,-93.857368
42.799797,-96.987902
42.7865416,-96.8984561
43.4865258,-96.7948243
43.260644,-96.796384
43.4924239,-96.7871526
43.3332909,-96.7966217
43.4358305,-96.7965733
43.4983598,-96.762597
43.3937159,-96.7964995
43.3066974,-96.7964472
43.1665923,-96.7954982
43.1747876,-96.7958639
43.2181093,-96.7961455
43.3271388,-96.7963323
43.3828884,-96.796158
43.456981,-96.7975737
43.4936768,-96.7775785
43.123926,-96.796594
43.2103292,-96.7957845
43.4862054,-96.7952755
43.129967,-96.796934
43.429096,-96.7960551
43.255069,-96.796033
43.6667728,-97.3027426
43.6665456,-97.1838525
43.5375947,-96.7802392
43.6466128,-97.0935974
43.6414311,-97.0853314
43.6088156,-96.4674339
43.6086384,-96.567284
43.5119483,-96.7266613
43.5115013,-96.7808691
43.7645262,-96.781502
43.5662993,-96.778181
43.5972274,-96.7709762
43.6124231,-96.7707108
43.5815276,-96.6931456
43.5488234,-96.7806783
43.5930424,-96.6910729
43.6023053,-96.7712362
43.6072488,-96.6906036
43.5437938,-96.6939481
43.5676932,-96.6936179
43.5231438,-96.7802597
43.5507201,-96.6939633
43.6078867,-96.6558293
43.5645776,-96.6932682
43.5082177,-96.7358699
43.5139681,-96.7166185
43.5187379,-96.7062171
43.5796177,-96.7710905
43.6089524,-96.893167
43.6088485,-96.9569394
43.6091424,-96.8878938
43.6057799,-96.7060405
43.6091014,-96.9436351
43.5237542,-96.7035397
43.6015675,-96.6905935
43.6126157,-96.7696483
43.6059799,-96.6974433
43.5048617,-96.7454555
43.5913854,-96.7713968
43.5832666,-96.7707643
43.5018792,-96.7525549
43.5189253,-96.780604
43.5302978,-96.7806648
43.5291419,-96.7010636
43.6056908,-96.7166663
43.609399,-96.647632
43.6088885,-96.4878587
43.6067278,-96.6916653
43.6091282,-96.4556842
43.6085803,-96.4964683
43.6086607,-96.7704151
43.5651338,-96.7787761
43.9019252,-96.7583331
42.848252,-96.795852
42.5217339,-96.4991979
42.6030594,-96.5740086
43.0079102,-96.7955151
42.7832418,-96.7888608
42.6666962,-96.6621138
42.5479513,-96.5068501
42.9497836,-96.7947362
42.4997675,-96.486832
42.6892709,-96.6970086
39.8406563,-95.5307484
39.8403013,-95.4931263
39.8404333,-95.4851137
39.8411967,-95.4093941
39.8418171,-95.4195562
39.8408178,-95.5409179
39.8412157,-95.5523307
41.0154441,-96.3058942
41.0081661,-96.3107115
42.449579,-96.407056
42.449014,-96.435045
42.449267,-96.436723
42.449275,-96.430324
42.4469538,-96.3814454
42.4491428,-96.419962
41.2624262,-95.9506275
41.345184,-95.971141
41.345339,-95.960047
41.343309,-96.018298
41.2802049,-96.0758345
41.2596453,-95.9227102
41.2657778,-95.953144
41.2629537,-96.163222
41.2912057,-96.0739003
41.2853126,-95.9524508
41.2761516,-95.952601
41.226353,-96.0865292
41.2318133,-96.0865349
41.2191453,-96.0916784
41.2288142,-96.0877962
41.2380514,-96.0863843
41.208433,-95.9491556
41.2630622,-96.1241352
41.2627036,-96.2417336
41.279587,-95.9522942
41.3184135,-96.0701346
41.2630174,-96.1431522
41.2630697,-95.9443359
41.2188068,-96.0907617
41.2086683,-95.9493899
41.2245482,-96.0823529
41.2229305,-96.0738959
41.2451451,-96.085298
41.2699689,-95.9523575
41.296099,-95.9520811
41.2268234,-95.9590478
41.2428207,-95.9538348
41.310741,-96.0707714
41.2177092,-96.0910728
41.2297372,-96.0872843
41.2127423,-96.0907419
41.2717314,-96.076141
41.2307413,-95.9251698
41.215886,-96.0912909
41.2414923,-96.0860249
41.26573,-95.9519522
41.2359781,-95.9538158
41.2072058,-96.0933512
41.339727,-96.028502
41.2114012,-96.092124
41.2631109,-96.1339763
41.347131,-95.988348
41.2170642,-95.9534289
41.2634353,-95.9478624
41.2634634,-95.9497086
41.26226,-95.930488
41.3018953,-96.0708649
41.346625,-95.977232
41.2576565,-95.9537524
41.2224098,-95.9520384
41.2017022,-95.9475915
41.2144721,-95.9525223
41.2998647,-95.9516575
41.2238853,-96.0173486
41.2223155,-96.0508519
41.2226455,-95.9826446
41.2323518,-95.9551205
40.862105,-96.716497
40.864472,-96.71302
40.8671299,-96.7078019
40.8145117,-96.7551645
40.895483,-96.554057
40.8910082,-96.6750286
40.8953364,-96.5671117
40.839694,-96.73886
40.8105152,-96.7534226
40.8629846,-96.7161835
40.8445083,-96.734348
40.897061,-96.6357287
40.7895294,-96.7335939
40.8804695,-96.6888788
40.8622406,-96.7157138
40.784166,-96.727205
40.896687,-96.6520666
40.8239884,-96.7511985
40.740523,-96.7169611
40.857964,-96.720558
40.8658448,-96.7176743
40.8614965,-96.7157715
40.8514763,-96.7120965
40.8044339,-96.749286
41.1140221,-95.9337077
41.1516611,-96.1545803
41.145496,-95.938886
41.108563,-95.932726
41.1814317,-96.1142292
41.1414745,-96.1632922
41.155662,-95.9386011
41.162409,-95.939091
41.1881455,-95.9385172
41.1220504,-95.9354643
41.157122,-96.1461474
41.1787285,-95.9390949
41.1350091,-95.9352865
41.0976314,-96.2476321
41.1885165,-96.1043527
41.1682846,-96.1303546
41.0917831,-96.258667
41.0980342,-95.9282108
40.822555,-97.2105343
41.493266,-94.656558
41.493061,-94.661494
41.492909,-94.323236
41.493165,-94.24609
41.495814,-94.456003
41.4931,-94.313759
41.493292,-94.639157
41.4930682,-94.6472748
41.496052,-94.448284
41.49608,-94.406111
41.495829,-94.413279
41.496095,-94.524664
41.496298,-94.516096
42.4594641,-92.25956
42.4501086,-92.22699
42.4491091,-92.2003334
42.356097,-92.0707397
42.416969,-92.177218
42.4586479,-92.298132
42.4560757,-92.3067274
42.4550448,-92.2497396
42.4449747,-92.1891868
42.4094157,-92.166064
42.4562462,-92.3970126
42.4598741,-92.4105967
42.5303074,-92.3880876
42.2482985,-91.895431
42.231834,-91.872658
42.4530449,-92.3388397
42.4531755,-92.3544406
42.4536483,-92.3680021
42.4501857,-92.1548227
42.4498581,-92.1822407
42.4645584,-92.4376531
42.4892071,-92.3354495
42.225438,-91.861389
42.241758,-91.886716
42.034823,-93.808093
42.029708,-94.020151
42.029479,-94.035876
42.034648,-93.822262
42.4647797,-92.3154865
42.6920622,-92.4776153
42.0184561,-93.7116117
42.709922,-92.3370941
42.6526859,-92.4601422
42.4475221,-91.9265831
42.463389,-91.6541174
42.3164612,-91.9832362
42.4490303,-92.0630504
42.4484327,-91.8972654
42.4640977,-91.6396575
42.4495067,-92.0477853
42.3081132,-91.9725757
42.4484184,-91.9120461
42.3518101,-92.0585733
42.449102,-91.883109
42.461583,-91.7607789
42.46167,-91.746296
41.4970834,-94.9526139
41.497167,-95.010643
41.497471,-95.122618
41.496801,-95.067478
41.497393,-94.997434
41.497466,-94.866079
41.497339,-94.871198
41.496979,-95.053426
41.497107,-95.112884
41.496984,-94.754044
41.663462,-91.2448104
41.496925,-94.762767
41.6337043,-90.914077
41.645008,-91.1093082
41.6352998,-91.0314692
41.636943,-91.039566
41.634001,-90.923421
41.663857,-91.351245
41.663301,-91.2546909
41.646012,-91.146722
41.644905,-91.113215
41.646091,-91.156856
43.0730395,-92.3333664
43.0839258,-92.3277808
43.0618404,-92.3350095
43.084978,-92.311116
43.0248455,-92.3242183
43.0355162,-92.3290295
41.025832,-93.794482
41.041654,-93.790605
41.047548,-93.78615
41.066282,-93.781188
41.023057,-93.794071
41.073482,-93.781212
40.976106,-93.797633
40.96733,-93.79722
41.819945,-90.568475
41.8321863,-90.5696768
41.8087862,-90.5610145
41.8073831,-90.5325207
41.8155445,-90.3608788
41.8157428,-90.3488751
41.8082959,-90.5670604
40.874121,-93.802271
40.627386,-93.88701
40.816003,-93.825548
40.743263,-93.841771
42.4639586,-91.4874542
42.4708425,-91.4441812
42.469561,-91.34602
42.471057,-91.151916
40.866094,-93.802618
40.807725,-93.82884
40.733885,-93.842996
40.61964,-93.893355
42.4899525,-90.6776467
43.0608137,-92.7176514
43.094607,-92.720388
43.085424,-92.717925
43.1165827,-93.015141
43.038929,-92.664735
43.038558,-92.679638
42.6684844,-93.459067
42.7980067,-93.3634026
42.7411703,-93.4016819
43.053343,-92.717743
42.8969281,-93.3510027
42.8088648,-93.3555294
42.7515282,-93.3936925
42.8868412,-93.3504997
42.6786211,-93.4528497
40.752695,-95.817492
40.76286,-95.81546
40.882731,-95.800023
40.684734,-95.779543
40.817871,-95.806165
40.6935528,-95.7862989
40.604681,-95.681685
40.595834,-95.6729923
42.3935727,-93.5703624
42.4495309,-93.8970141
40.826194,-95.806787
40.892186,-95.799528
42.4488802,-93.5620834
42.4536134,-93.5690931
42.4653292,-93.5686997
42.3052099,-93.5694905
42.4492963,-93.7124726
42.4487635,-93.5692345
41.5551343,-95.9174791
41.716468,-96.045516
41.545836,-95.917371
41.804916,-96.058351
41.623993,-95.993328
41.798776,-96.052339
41.615999,-95.982892
41.706251,-96.043635
40.987535,-91.526911
40.9175575,-91.4183635
40.9886032,-91.5503787
40.932481,-91.537473
40.942457,-91.531048
40.9098459,-91.4097216
40.9547472,-91.5222134
40.9702131,-91.6410385
41.6882395,-92.0588886
41.6876317,-91.9181566
41.6870231,-92.0157036
41.6871985,-92.0015895
41.6894716,-92.0750801
41.6962881,-92.2717544
41.696021,-92.1555794
41.695958,-92.1691297
41.6958684,-92.2871606
41.6935462,-93.2401828
41.59133,-93.244169
41.5112331,-93.107083
41.5115224,-93.0945068
41.6876568,-91.9039224
41.6830535,-92.8962663
41.695447,-92.787905
41.683911,-93.071609
41.6832268,-93.0781169
41.695189,-92.803128
41.6903626,-93.2543022
41.689078,-93.175672
41.538944,-93.13005
41.549587,-93.134519
41.594893,-93.2519543
41.6823794,-92.9925874
41.692223,-93.184354
41.681929,-92.910137
41.6827735,-93.0077279
41.757702,-91.642281
41.853124,-91.668276
41.747002,-91.642153
41.842498,-91.665473
41.661182,-91.603819
41.652915,-91.591822
41.63781,-91.571653
41.694453,-91.629175
41.687409,-91.634233
41.6856575,-91.5463736
41.559624,-91.54496
41.6856823,-91.5585772
41.54926,-91.544441
41.693991,-91.672657
41.694192,-91.64633
41.686343,-91.571083
41.609246,-91.550181
41.694269,-91.637919
41.629644,-91.563973
41.6868754,-91.508105
41.6877793,-91.7970896
41.692497,-91.608382
41.694448,-91.638554
41.686669,-91.491792
41.6944892,-91.6083508
41.69397,-91.660265
41.669045,-91.438043
41.695109,-91.608619
41.673576,-91.451096
41.694051,-91.616556
41.693775,-91.600192
42.098362,-91.267002
42.0707392,-91.3264203
42.1093585,-91.2671405
42.0708641,-91.337864
41.884894,-91.670497
41.9752089,-91.6761512
41.9471526,-91.7482278
41.9269369,-91.649813
41.9271288,-91.6703315
41.926868,-91.6699462
41.926509,-91.63874
42.174271,-91.784875
41.9413638,-91.669618
41.9221119,-91.6702994
41.9866295,-91.6620607
41.9924351,-91.663882
42.0024648,-91.6663727
41.9273462,-91.676737
41.949433,-91.6711
41.9267288,-91.6576529
42.0288065,-91.6731041
42.167289,-91.774218
41.963427,-91.792678
41.9993841,-91.6669986
41.9548634,-91.7697337
42.0483022,-91.6900763
41.9433301,-91.7334096
41.9781393,-91.6748399
41.895884,-91.671498
41.934404,-91.6692947
41.9815682,-91.6670369
42.0161728,-91.6669695
42.0385743,-91.6772818
41.98116,-91.667888
41.9269395,-91.6750271
42.0418316,-91.6787097
41.96087,-91.670918
41.926228,-91.541045
41.9270177,-91.6604313
41.9301819,-91.5430344
41.9286087,-91.6809613
42.0966187,-91.7018277
42.0881827,-91.7012797
41.940076,-91.722463
41.936748,-91.708559
41.926418,-91.536676
42.0221783,-91.6688054
41.9274023,-91.6697138
41.0050001,-93.312098
41.0047681,-93.3061817
41.9267787,-91.6363235
41.9521132,-91.6707505
42.0168667,-91.6666259
41.493691,-94.236695
41.3217237,-93.1461792
41.4156825,-92.9544444
42.0081892,-93.028301
42.0049354,-92.8756273
42.0037127,-92.9048447
41.050454,-95.820346
41.144888,-95.821547
41.154108,-95.822882
41.006115,-95.8080747
41.037582,-95.759149
42.1248681,-96.2022315
42.0220598,-96.128396
41.925176,-96.103874
41.0334421,-95.7523965
40.996995,-95.804684
41.578158,-93.513174
41.622673,-93.7766969
41.7963522,-93.5704818
41.6533668,-93.5730367
41.65076,-93.577737
41.2749966,-95.8863124
41.2672975,-95.9084796
41.2612826,-95.912714
41.2599582,-95.9070711
41.5167803,-93.7142188
41.522564,-93.7380887
41.6107211,-93.7767204
41.4975105,-95.34496
41.649617,-93.611301
41.498737,-95.444336
41.498729,-95.457045
41.2427922,-95.9051732
41.6495524,-93.5746145
41.270065,-95.905967
41.59414,-93.777049
41.232046,-95.8580713
41.494575,-95.897501
41.230987,-95.8345042
41.522647,-93.757715
41.4989921,-95.5945846
41.2177718,-95.8295721
41.270495,-95.904009
41.592077,-93.78615
41.590878,-93.781421
41.592343,-93.768741
41.59752,-93.777208
41.5924376,-93.6887912
41.438086,-95.61744
41.6357138,-93.7771007
41.5928357,-93.6969191
41.693184,-93.774643
41.497999,-95.552792
41.511291,-93.532339
41.498812,-95.53962
41.2374407,-95.9010885
41.35026,-95.89724
41.6513924,-93.7671283
41.2444879,-95.8199345
41.346459,-95.943626
41.5932868,-93.7226109
41.2504152,-95.9066822
41.7078482,-93.5764341
41.2603271,-95.9174015
41.639444,-93.507059
41.34664,-95.928277
41.652385,-93.516354
41.352178,-95.907201
41.2758529,-95.8774129
41.5218872,-93.7313347
41.498985,-95.577613
41.492647,-95.585381
41.571824,-93.513116
41.518083,-93.519726
41.498795,-95.608973
41.2575853,-95.9069617
41.360666,-95.901037
41.28318,-95.782766
41.226035,-95.836619
41.6494551,-93.7729986
41.490286,-95.900713
41.6493908,-93.6269914
41.6200591,-93.77696
41.652369,-93.706233
41.415523,-95.90018
41.4988048,-95.7464016
41.2322038,-95.8509942
41.658818,-93.529458
41.2607786,-95.9152926
41.654414,-93.517441
41.4225174,-95.9005636
41.604667,-93.496497
41.2383379,-95.8254172
41.5933351,-93.6547421
41.2326114,-95.8732214
41.498869,-95.901352
41.4973835,-95.2166493
41.519085,-93.775104
41.6493816,-93.609191
41.6504649,-93.5915644
41.505672,-95.902945
41.514319,-93.672675
41.220063,-95.832398
41.7862261,-93.570411
41.651042,-93.582086
41.287561,-95.867415
41.592572,-93.670392
41.683609,-93.7744
41.370423,-95.681398
41.3805023,-95.6715144
41.443443,-95.606898
41.624014,-93.5756
41.4936502,-95.9012283
41.5956753,-93.6171781
41.277033,-95.78627
41.355217,-95.898292
41.6188943,-93.5766647
41.497774,-95.3305
41.69526,-92.452575
41.696546,-92.54433
41.696225,-92.43831
41.695478,-92.357325
41.695681,-92.350855
41.696502,-92.559107
41.497222,-95.228017
41.695785,-92.734405
41.651857,-93.689458
41.498558,-95.59097
41.531311,-93.774006
41.6322262,-93.5754293
41.594401,-93.65024
41.6569346,-93.5759454
41.530227,-93.519296
41.5953603,-93.6154316
41.5936631,-93.4986022
41.2478871,-95.9069154
41.6111859,-93.578627
41.591199,-93.678809
41.6968829,-93.5758773
41.6600357,-93.5224934
41.5847384,-93.7774742
41.5136958,-93.6902831
41.5933805,-93.7145786
41.592154,-93.759179
41.5934348,-93.7295871
41.7365452,-93.5778104
41.6087576,-93.7770011
41.5922905,-93.7423832
41.7266896,-93.5765484
41.592423,-93.7450214
41.5932189,-93.7095511
41.696046,-92.721417
41.748362,-93.808685
41.5360619,-93.7743712
41.59167,-93.777154
41.687206,-93.5759828
41.5459067,-93.7761798
41.2329409,-95.8926471
41.2307575,-95.8437383
41.2319458,-95.8926895
41.354136,-95.900379
41.6459193,-93.5755342
41.5971874,-93.5932421
41.2618672,-95.9075603
41.591966,-90.676029
41.5127,-90.783562
41.534861,-90.516379
41.495038,-90.655225
41.5999819,-90.610992
41.599862,-90.625064
41.63289,-90.864234
41.661906,-93.500904
41.5232529,-90.5131722
41.597236,-90.577339
41.595722,-90.570437
41.511866,-93.525208
41.554796,-90.525348
41.616328,-90.563291
41.59604,-90.531026
41.569886,-90.522108
41.5375457,-90.5168846
41.5431441,-90.5184927
41.596304,-90.526679
41.6331077,-90.8551373
41.516902,-90.774014
41.515088,-90.757767
41.550264,-90.521419
41.589678,-90.570971
41.6069078,-90.5648722
41.615867,-90.779213
41.509265,-90.747598
41.601866,-90.567816
41.59075,-90.371683
41.597457,-90.451161
41.6598216,-90.5683266
41.6497476,-90.5679741
41.60376,-90.665224
41.621233,-90.565387
41.526199,-90.513256
41.560387,-90.522556
41.630109,-90.568321
41.487637,-90.6433348
41.595198,-90.563152
41.595897,-90.569034
41.51315,-90.674339
41.5434964,-90.6782154
41.596856,-90.467563
41.596686,-90.569755
41.617157,-90.786666
41.591839,-90.523638
41.68995,-90.566374
41.503959,-90.670218
41.579361,-90.522233
41.699423,-90.565958
41.533125,-90.675397
42.0077091,-93.5719126
41.584787,-90.675844
42.008161,-93.57099
41.596486,-90.571193
42.1610156,-93.5701318
42.0075791,-93.5707406
42.003423,-93.633149
42.0033332,-93.6456544
41.873062,-93.571079
42.00781,-93.301862
42.007739,-93.435983
42.005536,-93.603429
42.012415,-93.571341
42.0071201,-93.580492
42.082575,-93.566556
42.1715208,-93.5708482
42.1928456,-93.5707255
41.882969,-93.5712731
42.030101,-93.570752
41.603623,-90.686718
42.0082423,-93.5640612
42.0731664,-93.5673358
42.1821032,-93.5705537
42.0043043,-93.6177867
42.007915,-93.315077
42.008189,-93.427198
42.0070002,-93.5787113
42.0060392,-93.5925832
42.0070768,-93.5712756
42.0106663,-93.6865238
41.297631,-93.779676
41.231975,-93.780941
41.5019572,-93.6333176
41.3587593,-93.7797366
41.367613,-93.780671
41.173726,-93.783926
41.224273,-93.782016
41.498441,-93.617815
41.4764953,-93.7800299
41.4888413,-93.7805026
41.503993,-93.637024
41.179784,-93.78408
41.508403,-93.563434
41.094431,-92.444135
41.5047761,-93.5798789
41.09371,-92.435059
42.4458694,-94.1910959
42.445215,-94.176309
42.450388,-94.117095
42.4845148,-96.3918853
42.4292263,-96.3716389
42.4571882,-96.3309287
42.4570342,-96.3306754
42.514679,-96.335059
42.224319,-96.241133
42.4937404,-96.4599734
42.4685069,-96.3235244
42.546481,-96.340501
42.4440008,-96.3560306
42.336218,-96.32501
42.311663,-96.304615
42.444491,-96.3400632
42.4494994,-96.3355369
42.2322899,-96.2426544
42.44129,-96.375175
43.3620733,-93.3492063
43.449225,-93.350048
42.4820569,-96.323823
42.523989,-96.339313
43.439439,-93.349321
42.4463837,-96.3765303
43.35283,-93.3487
42.4398392,-96.3754836
42.3960572,-96.3665805
43.279393,-93.349811
42.4450619,-96.3641873
42.4529654,-96.3766628
42.4496961,-96.3764645
42.405203,-96.366781
42.5678981,-93.5541077
42.5780716,-93.5425416
42.4917357,-96.430377
42.489419,-96.406049
42.4872751,-96.3958927
42.4645701,-96.324005
43.659997,-94.109623
43.660438,-94.11741
43.666231,-94.232977
43.660168,-94.092361
43.65977,-94.1034355
43.659271,-93.723785
43.652515,-93.922221
43.650139,-93.803406
43.652265,-93.931867
43.656579,-93.732837
43.650568,-93.812225
43.6664399,-94.2223792
43.766366,-93.313174
43.759552,-93.315788
43.6833366,-93.3213383
43.672108,-93.28671
43.666081,-93.581956
43.6654401,-93.2426788
43.6598534,-93.1901741
43.5328612,-93.3545721
43.571566,-93.358857
43.81542,-93.288662
43.820952,-93.289006
43.6160768,-93.33852
43.6120505,-93.3417861
43.688505,-93.36315
43.662757,-93.320948
43.6884368,-93.3202773
43.5789063,-93.3585548
43.5387617,-93.3551532
43.6842698,-93.3208179
43.682543,-93.314845
43.655569,-93.32019
43.687126,-93.354921
43.690707,-93.413653
43.684629,-93.327525
43.66591,-93.573327
43.6857587,-93.4216182
43.679507,-93.3218034
43.6652562,-93.2534645
43.6607595,-93.1971206
43.6753421,-93.3230533
43.6363775,-95.3196765
43.6387711,-95.1802905
43.6392006,-94.9996186
43.6524826,-94.8804574
43.637182,-95.0888661
43.6701812,-94.352685
43.6810166,-94.6193759
43.6648578,-94.7330298
43.6799984,-94.4974617
43.6791962,-94.4478971
43.674016,-92.9349273
43.6738384,-92.9344648
43.7080789,-92.7038951
43.6745288,-92.7542646
43.6773338,-92.7457261
43.6746033,-92.9518069
43.6806604,-92.9753359
43.6805819,-92.9719448
43.6806782,-92.984067
43.6740922,-92.9398492
43.6733112,-92.9248742
43.6433887,-95.9382278
43.6437284,-95.9279426
43.6374347,-95.986897
43.6376916,-95.6281406
43.637512,-95.551218
43.6376,-95.517916
43.6378576,-95.4598103
43.6378964,-95.6174394
43.637987,-95.589273
43.6377593,-95.7881274
43.6374346,-95.7989992
43.637804,-95.5980559
43.6376425,-95.9621315
43.637535,-95.573305
43.8439585,-92.5422587
43.6084397,-96.3825972
43.6389673,-96.2187248
43.874255,-93.277131
43.865809,-93.276868
43.9150123,-91.3650924
43.923594,-91.441733
43.9069542,-91.3530694
43.8877132,-91.3392961
43.8841848,-91.3343999
43.9126278,-91.3612339
43.8938756,-91.344256
39.8924161,-94.8573249
39.883088,-94.856604
39.883424,-94.854224
39.878443,-94.857
39.888552,-94.859847
39.9173685,-94.9062246
39.9136934,-94.9012486
39.856187,-94.807555
39.9688522,-94.979056
39.8311518,-94.8654959
39.860223,-94.8143617
39.8394165,-94.8645709
39.967529,-94.972184
39.8892233,-94.8574461
39.8851313,-94.8542644
39.88786,-94.859763
40.4032632,-95.5530377
40.4122383,-95.5583508
40.3724588,-95.5364737
40.3656742,-95.5280174
39.7032799,-94.7882567
39.7454154,-94.7888919
39.7795811,-94.8668829
39.7461423,-94.8534721
39.7438748,-94.8536457
39.7317455,-94.8472427
39.7492254,-94.8475981
39.726448,-94.788756
39.7518375,-94.8538313
39.7473006,-94.806662
39.74697,-94.796331
39.8109631,-94.8021929
39.8185522,-94.8049791
39.7084567,-94.7919912
39.7499125,-94.7895601
39.7533446,-94.7903055
39.74739,-94.794406
39.7837755,-94.869294
39.7109154,-94.7885712
39.7490136,-94.7897048
39.5965263,-94.7885816
39.7489119,-94.852406
39.7156516,-94.8161894
39.7109099,-94.8000164
39.773799,-94.793074
39.78109,-94.79443
39.7466646,-94.8381694
39.721248,-94.788427
39.723397,-94.8368519
39.7197245,-94.8298894
39.6020377,-94.788751
39.7674735,-94.861132
39.769091,-94.8613
39.7336989,-93.9978139
39.7333562,-94.0039178
39.2081653,-94.4870117
39.261553,-94.586908
39.2965248,-94.5848884
39.2996824,-94.5845108
39.305314,-94.584207
39.2420733,-94.5252976
39.2051265,-94.4959976
39.20483,-94.497763
39.30892,-94.584602
39.2474069,-94.5436105
39.2443375,-94.5337573
39.2059138,-94.4931266
39.220974,-94.589447
39.2603632,-94.579629
39.267214,-94.442969
39.211467,-94.4922369
39.2081292,-94.4919816
39.5493814,-94.2706412
39.2875241,-94.5104126
39.2600724,-94.5880547
39.255454,-94.589254
39.242419,-94.457364
39.365961,-94.373188
39.198378,-94.590044
39.7293745,-94.2204074
39.310356,-94.584084
39.247061,-94.454448
39.311371,-94.551849
39.4853036,-94.3049816
39.309637,-94.583558
39.278713,-94.421786
39.4573419,-94.3223338
39.4627857,-94.3192099
39.2491232,-94.5085094
39.242827,-94.513294
39.243063,-94.590172
39.258124,-94.597153
39.2584899,-94.5953772
39.6646851,-94.236357
39.6720725,-94.2347965
39.307967,-94.59664
39.192832,-94.589948
39.2007868,-94.4925145
39.292113,-94.4131638
39.311171,-94.560572
39.215731,-94.589323
39.2836071,-94.5100423
39.262735,-94.448123
39.2585771,-94.5883927
39.261198,-94.5704272
39.244274,-94.507395
39.24384,-94.500537
39.2209058,-94.4722954
39.3027136,-94.5848765
39.1993726,-94.492522
39.24286,-94.516792
39.3002274,-94.5103502
39.270833,-94.510473
39.2640722,-94.5100652
39.2655716,-94.5857534
39.310875,-94.577545
39.308497,-94.590954
39.370216,-94.371219
39.250782,-94.590395
39.2432449,-94.5060984
39.2599021,-94.586778
39.296079,-94.509964
39.2127419,-94.4791157
39.237732,-94.5059625
39.243334,-94.508963
39.2423452,-94.5075734
39.309738,-94.584952
39.3210815,-94.3976177
39.5554946,-94.2685317
39.7350173,-94.2205642
39.256242,-94.554143
39.259366,-94.5626405
40.073686,-94.09339
39.947533,-94.114597
40.079124,-94.093457
40.107078,-94.069453
40.102987,-94.07295
39.992873,-94.095264
39.9021,-94.150333
40.000158,-94.096157
39.850929,-94.177798
39.856699,-94.175578
39.941522,-94.120373
39.897209,-94.152591
39.754349,-94.229724
39.754378,-94.237001
39.750438,-94.219843
39.756783,-94.2197756
40.574227,-93.93869
40.463224,-93.977718
40.151071,-94.0356908
40.4697321,-93.97622
40.276553,-94.012386
40.1575901,-94.0312706
40.2141531,-94.0135143
40.268041,-94.012864
40.2834261,-94.0125274
40.572692,-93.939794
40.26238,-94.012664
40.2064759,-94.0135465
40.376936,-94.002498
40.371601,-94.00354
40.042747,-95.134008
40.04671,-95.141778
40.190317,-95.3563413
40.1973933,-95.3644293
40.1302521,-95.2366558
40.0727186,-95.1888736
39.9755964,-95.0194122
39.9740693,-95.0111943
40.098405,-95.213495
40.106134,-95.216174
40.135181,-95.239037
40.0756435,-95.1963267
40.2604496,-95.4509102
39.7530172,-92.4710533
39.7487278,-92.5095596
39.760352,-92.5594465
39.7478323,-92.5002141
39.755459,-92.464063
39.7603544,-92.5678529
39.765537,-92.7441362
39.7181328,-91.3667125
39.71375,-91.4414342
39.6952621,-91.5121925
39.6976604,-91.5004091
39.6636309,-91.7195179
39.713935,-91.422982
39.3072985,-94.6555613
39.3413153,-94.7503971
39.2282562,-94.760963
39.3071294,-94.7590096
39.1912929,-94.6158312
39.2074904,-94.6359136
39.2538949,-94.693088
39.254098,-94.681997
39.453457,-94.788641
39.254433,-94.664853
39.2525784,-94.6584499
39.3065038,-94.6863959
39.2408667,-94.6583218
39.2499145,-94.657554
39.2553504,-94.6580702
39.2434214,-94.6583078
39.5185467,-94.7870114
39.313946,-94.689994
39.3077331,-94.6662429
39.3133001,-94.6756444
39.2207373,-94.7630226
39.329514,-94.712613
39.22835,-94.652035
39.1965123,-94.6207849
39.3507542,-94.7584387
39.313117,-94.7578105
39.2698291,-94.6667124
39.3559386,-94.7647104
39.3823035,-94.7874339
39.4476587,-94.788724
39.3315357,-94.7169873
39.4734644,-94.7873203
39.2760594,-94.6714791
39.3251436,-94.7048153
39.3495924,-94.7575406
39.3876698,-94.7896499
39.2994786,-94.6862084
39.2933443,-94.6838752
39.2420005,-94.7553111
39.254663,-94.659591
39.2132612,-94.6412271
39.1928912,-94.6173339
39.479137,-94.7872334
39.249979,-94.755196
39.306963,-94.608546
39.5146466,-94.7866437
39.3656521,-94.7709106
39.259776,-94.659815
39.2538104,-94.6584627
39.254695,-94.605502
39.2217207,-94.6484428
39.2544,-94.657452
39.3076572,-94.6430815
39.376114,-94.7781447
39.3420128,-94.7408653
39.2543154,-94.6267375
39.2544898,-94.6443543
39.2654178,-93.9698049
42.7366475,-90.4282426
43.8814,-90.143987
43.923249,-90.266065
43.76106,-89.972554
43.920208,-90.259483
43.71924,-89.896832
43.884269,-90.150113
43.799635,-90.059627
43.8920274,-91.0705552
43.8609264,-91.2609423
43.8634833,-91.2412733
43.8767329,-91.2023756
43.8765515,-91.1751497
43.746557,-89.943719
43.9099872,-90.8756959
39.958022,-91.320374
40.083471,-91.270994
39.782142,-91.3122
39.788261,-91.308152
39.950493,-91.323855
39.9397169,-91.3257445
39.883973,-91.325624
39.9298935,-91.3237808
40.003065,-91.306705
40.0923,-91.26885
39.877783,-91.333444
40.014354,-91.309868
39.7587741,-91.3031478
41.1747905,-90.3322965
41.4096174,-90.0200433
41.2910453,-90.3339192
41.4316543,-90.1599787
41.4052257,-89.908507
41.4908706,-90.3388498
42.4914117,-90.6417776
42.4626259,-90.510403
42.491079,-90.641
40.9831012,-90.3367512
40.9523016,-90.4072008
40.9215785,-90.2907547
40.9220455,-90.3013071
40.9487465,-90.3336139
40.9876225,-90.3364679
39.6867104,-90.222676
39.6805564,-90.2955992
39.6805752,-90.2875326
39.6744718,-90.2944077
40.8499013,-89.9232402
40.8260972,-89.8663592
41.4578825,-90.501086
41.536993,-90.3340637
41.535981,-90.3421339
41.4666139,-90.4949685
41.5536216,-90.2453453
41.6043439,-90.1921248
41.4574917,-90.4953719
41.5754313,-90.3621097
41.5360452,-90.3412394
41.5681301,-90.3561322
41.4619922,-90.495311
41.4974241,-90.5931755
39.680966,-90.463098
39.681458,-90.449617
39.685384,-90.565301
39.6849861,-90.5775472
40.895862,-90.662158
40.9247655,-90.6053854
40.885502,-90.661283
40.9210181,-90.5240279
40.925063,-90.640227
40.924942,-90.640902
40.9192167,-90.5111707
42.7133337,-90.4641949
42.7177717,-90.4513954
42.728294,-90.4390465
42.9667919,-90.1078363
42.9669792,-90.0974887
42.965674,-90.1000085
42.9319476,-90.1349871
42.9384994,-90.1267707
42.8838501,-90.172478
42.7136332,-90.4797946
42.8454097,-90.1991358
42.8901421,-90.1606995
42.8528527,-90.2003086
42.7427222,-90.3435276
42.7467964,-90.3338039
42.711087,-90.4918646
43.7164843,-89.8916891
43.8861805,-91.006351
43.8862643,-91.0015855
43.8918314,-91.0800236
43.8718647,-91.2147854
43.8617155,-91.2546552
43.8664131,-91.230535
42.4486743,-93.5684917
42.4423162,-93.5693432
42.4486584,-93.5767977
42.448774,-93.5689251
43.0100619,-89.8974027
43.0095406,-89.9084943
42.5183139,-90.6152793
42.520853,-90.6148703
42.5551458,-90.6098161
42.6125832,-90.5885611
42.6216132,-90.5839299
39.680232,-90.3019119
39.6802557,-90.2936923
42.5321739,-90.612743
42.0073037,-92.9871066
41.4558094,-90.5428533
41.0914001,-92.4169075
41.0022841,-92.3107278
41.0220029,-92.3787125
41.0901495,-92.4029642
41.004397,-92.2977539
41.0003514,-92.2439697
40.9964861,-92.2307515
41.0106037,-92.3717093
41.0197512,-92.3785039
41.0313673,-92.3779514
41.0551649,-92.3739156
41.047278,-92.3723363
41.0113637,-92.0252413
41.0016626,-92.0183256
41.0033638,-92.1545389
41.0038737,-92.1716484
40.9844604,-91.9542637
40.9829675,-91.9715345
40.997511,-91.91893
41.0027966,-91.9055297
42.0229234,-93.7341415
42.0079863,-93.0122243
42.0035281,-92.9517364
42.0029594,-92.8904193
42.0035964,-92.9197147
42.0104338,-92.7924638
40.6054476,-91.5609079
40.6185985,-91.5592175
40.6331169,-91.5564283
40.6450163,-91.5577884
41.2544961,-92.640848
41.2649751,-92.6476975
41.2902566,-92.6744744
41.3019461,-92.6750345
41.1697746,-92.6279276
41.1767412,-92.6362453
41.1583012,-92.622465
41.143819,-92.6157
41.5110293,-93.652582
41.5960994,-93.63301
41.5957747,-93.6439924
41.5958908,-93.6358548
41.4106728,-92.9475079
41.389716,-92.9058428
41.3895931,-92.9200538
41.3897325,-92.8778237
41.3896154,-92.8633612
42.0115642,-92.7771997
42.2250041,-91.1717751
42.2355379,-91.1700036
42.2082517,-91.1818593
42.2066013,-91.1960303
42.3106797,-90.9895908
42.3105976,-91.0040216
42.3003953,-91.0290166
42.3055402,-91.0227971
42.4186414,-90.7013618
42.4220245,-90.6940048
42.4819017,-90.6667275
42.5921355,-90.6007398
42.5761064,-90.6096723
41.67238,-93.5777806
42.3102377,-93.569556
42.5095308,-96.4934557
42.5283363,-96.499648
42.5523635,-96.5107408
42.6686527,-96.6681219
42.6071278,-96.5794073
42.691581,-96.6974343
42.7890851,-96.7931089
42.8552975,-96.796206
42.9572592,-96.7950366
43.0146269,-96.7958224
43.0798911,-96.7959259
42.4490233,-93.9118756
42.4489538,-93.7258624
42.448904,-93.6470187
42.4491046,-93.6333011
42.4492317,-93.8076189
42.448974,-93.8232603
42.4608864,-93.0438933
42.4523359,-93.0593285
42.4265482,-93.1362229
42.4624865,-92.9333101
42.4634594,-92.9178273
42.4626821,-92.7774102
42.4630149,-92.7603843
42.4602831,-92.6234182
42.4622083,-92.6389222
42.4641204,-92.5270132
42.4632436,-92.5417403
42.4648838,-92.4738303
42.4649089,-92.4583589
42.4645422,-92.450498
42.4536196,-92.3828903
42.4599386,-92.2906538
42.461581,-92.3144848
42.4584677,-92.3144971
42.4539066,-92.3131082
42.4720667,-92.3211881
42.4963055,-92.3466035
42.4941423,-92.3432607
42.5378302,-92.4051693
42.5435798,-92.4247424
42.4986326,-92.3602968
42.519856,-92.3900015
42.5115496,-92.3814001
42.5377994,-92.4167058
41.7503252,-93.8141439
41.832028,-93.9166365
41.8350535,-93.9306124
41.8356456,-94.0351339
41.8358005,-94.021556
41.5965705,-93.5967555
41.5951696,-93.611671
41.6036924,-93.580274
41.6006204,-93.5855428
41.7002125,-91.64163
41.687569,-91.533424
41.6592801,-93.575771
41.653612,-93.566143
42.325624,-96.313351
42.304707,-96.301395
41.664194,-91.3400613
41.680272,-93.374842
41.680642,-93.360644
42.4506065,-94.1253401
39.8415303,-95.5227089
42.4497753,-92.1704079
42.4710027,-91.4360472
42.4701032,-91.3396906
42.4712359,-91.2816558
42.471182,-91.2625488
42.4692146,-91.10562
42.4696315,-91.1218579
42.4393332,-91.0000137
42.4390756,-91.0115378
42.4408514,-90.8433436
42.4407985,-90.8568803
43.087653,-93.3425903
43.1071008,-93.3491388
43.10165,-93.3366288
43.0727136,-93.34332
43.0613925,-93.3424931
42.9746666,-93.3472375
42.985593,-93.3420555
42.9379219,-93.3505772
42.9495948,-93.3509287
43.1293238,-93.3559876
43.1378409,-93.3562499
43.1421717,-93.3557462
43.1505453,-93.3559791
43.193654,-93.3517387
43.2048224,-93.3490732
43.1168678,-93.0306533
43.1118196,-93.1297484
43.1151105,-93.1140199
43.1040657,-93.2089326
43.1054761,-93.2523797
43.1052548,-93.2688395
42.7088838,-92.5340743
42.6858563,-92.4750659
42.5562722,-92.4248999
42.5662137,-92.4272355
42.9709662,-92.3179707
42.9646691,-92.3174717
43.8870162,-92.4825384
43.8850337,-92.4880776
43.8832006,-92.4939213
42.6653535,-92.3419525
42.6773415,-92.342088
40.8124759,-91.0977879
40.8137957,-91.1014413
40.814942,-91.1055904
40.8161312,-91.1150221
40.818758,-91.1461113
40.8160656,-91.1635607
40.8172861,-91.1706037
40.8351295,-91.2016001
40.8210079,-91.1840563
40.8351445,-91.2157308
40.8319665,-91.2678951
40.8287318,-91.2755411
40.826181,-91.1896696
43.6378313,-96.0880218
43.6391484,-96.2074874
43.2977953,-96.7960738
41.5921943,-93.8012184
41.5854474,-90.3681584
42.5581887,-96.3367499
42.7695552,-96.2094336
42.7586874,-96.209117
42.8189843,-96.1677966
42.817298,-96.1806143
42.7879225,-96.2062031
42.7980511,-96.2024729
42.9688248,-96.0233165
42.9617778,-96.0248705
41.4345972,-90.3286949
41.4402146,-90.3292834
41.4405294,-90.3305586
41.4449244,-90.3319544
41.4396913,-90.3298599
41.4409894,-90.3298988
41.4591495,-90.3382646
41.4861294,-90.3385832
41.5351854,-90.3417763
41.5308986,-90.3414338
41.5369054,-90.3414544
41.5411742,-90.3417754
41.537484,-90.334457
41.3003526,-93.0650564
41.3020097,-93.1027497
41.3053829,-93.1160235
41.2998299,-93.0804927
42.4483402,-93.2526323
42.4479285,-93.2675813
41.5362463,-90.3276829
41.535215,-90.3215492
41.535591,-90.348766
41.4290757,-90.1549513
41.4078448,-90.0117162
41.403922,-89.9016237
41.253204,-95.9536948
41.2492828,-95.9536856
41.2280527,-95.9551033
41.2247794,-95.9517823
41.2264514,-95.948904
41.2268978,-95.940845
41.2262621,-95.9527158
41.2259067,-95.9685754
41.2259806,-95.9666494
41.2609448,-96.0748934
41.2560029,-96.0764664
41.2634063,-96.069669
41.2632345,-96.1134668
41.2632581,-96.1258444
41.263255,-96.1344967
41.2631357,-96.1543355
41.2631176,-96.1453154
41.2630893,-96.1881935
41.2629318,-96.228378
41.491632,-91.5517404
41.4822681,-91.550847
41.6141802,-91.550682
41.2854764,-91.5326333
42.489385,-96.4071469
40.9683071,-96.3933856
41.454499,-90.4950839
41.4578888,-90.494967
41.4575678,-90.4902959
42.4915338,-96.4126306
42.4464592,-96.3751897
41.5889292,-93.8149579
41.5920574,-93.7974728
43.1572241,-95.8663452
43.163473,-95.8536746
43.1639755,-95.8301947
43.1698213,-95.8152786
42.403321,-93.5705811
42.4764418,-93.568879
43.1805585,-95.8127055
43.1918285,-95.8132232
42.5093339,-93.5678187
42.5204591,-93.5676207
43.102662,-93.3312918
43.3815953,-95.7518383
43.4033482,-95.7170569
43.8576565,-91.301995
41.5599676,-90.2376839
41.6128103,-90.1943557
41.6887641,-90.102354
41.6891146,-90.0919184
41.7206999,-89.9732805
41.723855,-89.9615564
42.4999306,-92.3619519
42.5122908,-92.3823507
43.6086333,-96.576588
41.1799474,-90.3325978
41.3002111,-90.3341669
40.8513313,-89.9341771
40.8290159,-89.8743882
40.9128833,-90.2513858
40.9476298,-90.333375
40.9431906,-90.3331675
42.5157042,-90.6420377
42.4906045,-90.6792653
42.5114677,-90.6576478
42.5087154,-90.6593043
43.792977,-90.0531209
42.4911331,-90.6808967
39.765049,-92.7530377
40.2667202,-95.4596817
40.3974815,-95.5502358
43.6527837,-94.8696952
43.6414466,-94.9904804
43.6385505,-95.0210055
43.6389343,-95.1687948
43.6366709,-95.3096615
43.6792791,-94.4873213
43.6811976,-94.6104316
43.6662903,-94.7262779
43.6697509,-94.3430614
43.6793352,-94.4404696
41.5059988,-93.571722
43.6664111,-97.3130514
43.6661784,-97.1940032
41.2235469,-96.0783571
41.2004525,-96.0949781
41.204588,-96.0945176
40.8578172,-96.7141837
40.8585225,-96.714231
40.9424093,-90.409729
43.4105549,-95.7173451
43.438129,-95.7136512
43.3845157,-95.7396518
42.9928321,-95.9937977
43.8230558,-96.7805973
43.8151058,-96.7804179
43.7579837,-96.7811152
43.6494739,-96.7730929
43.6417118,-96.7707249
43.9107816,-96.7587063
39.6741894,-90.7624678
41.252096,-96.0816559
41.2345943,-96.0860839
41.3255994,-96.065229
41.2236432,-96.0137008
41.2318808,-95.9071022
40.9887159,-91.5437313
40.9854932,-91.6044228
41.4985874,-95.745856
41.6518076,-93.7452787
41.6525372,-93.7275633
41.592315,-93.777737
41.5921947,-93.7774523
41.5952401,-93.774475
41.5541302,-93.7762864
41.5638354,-93.7769894
41.5191472,-94.0810018
41.5207278,-94.0724531
41.539473,-94.0183464
41.5461761,-93.960337
41.5616237,-93.8861736
41.592347,-93.7635633
41.732724,-93.7755349
41.7401015,-93.7773948
41.6876469,-91.8032212
41.6941359,-91.6383506
41.6948038,-91.6383306
41.6935655,-91.6086489
40.8180709,-96.7566959
39.7146227,-91.3959657
39.7148446,-91.3883187
39.7161369,-91.3776815
39.7288813,-91.3331986
39.7249339,-91.3443707
43.6643685,-93.0224784
43.6801604,-92.9995529
43.6808413,-92.98767
43.6800167,-92.9631808
43.6776061,-92.9594442
43.9286294,-91.43548
43.9156456,-91.602502
43.9145425,-91.591736
43.9330448,-91.8871579
43.9314775,-91.8740161
43.6713567,-92.8746958
43.6716231,-92.86406
43.6735592,-92.7994403
43.6736946,-92.7893089
43.7130291,-92.6967932
43.8387917,-92.5469749
43.8587615,-91.3085258
41.6014137,-93.5831858
42.1307214,-96.2062058
41.6646707,-93.4725521
42.7209137,-92.5343874
41.935268,-96.1039889
42.0306454,-96.1357607
41.9966713,-90.6557017
42.0098413,-90.6571501
42.0449663,-90.6660612
42.0431374,-90.6570014
41.8261145,-90.5694181
41.8039935,-90.5669413
41.807341,-90.5451779
42.4201906,-90.6944561
42.5004327,-90.6618576
42.063668,-90.6826547
42.0744946,-90.683305
43.6084059,-96.3585016
43.6086541,-96.3470965
43.6375904,-96.099382
43.6377837,-95.5645428
43.8796039,-91.2098786
43.8874325,-91.2130941
43.9001425,-91.2226094
43.8963588,-91.2182873
40.9590341,-91.5192317
41.4581452,-90.495471
41.458308,-90.4950971
41.5013498,-90.5079959
41.7546482,-93.5715653
39.3137191,-94.4012387
39.2275017,-93.8936258
39.2227021,-93.879088
39.2406184,-93.93117
39.2455133,-93.941448
39.2689328,-93.9598134
41.3545494,-95.9005818
41.3547701,-95.9004204
41.2629655,-95.938763
39.2541789,-94.6721108
43.6740685,-92.9432703
42.8409108,-92.5411368
42.853122,-92.5448763
41.3329978,-91.5517903
41.3417059,-91.5524276
40.8180924,-91.1364615
40.8177193,-91.1310408
42.4401754,-90.9237069
42.4394784,-90.9389441
41.926606,-91.6452097
42.4495089,-92.2122003
42.4970262,-92.3515159
42.7499835,-92.5343813
42.739449,-92.5336252
42.9569527,-92.5531954
42.9477887,-92.5478452
42.0021414,-93.5709103
43.4270573,-95.7144763
39.2541788,-94.6369944
39.254552,-94.6512347
43.6088021,-96.4365536
43.6089586,-96.4280223
40.8012506,-96.7403743
41.4709181,-90.4948529
41.4716538,-90.4945259
41.4686844,-90.6116704
41.4916872,-90.5940542
41.4642057,-90.6147147
41.4602957,-90.6105693
41.4589724,-90.61775
41.4801302,-90.6039302
41.4863412,-90.6000113
41.4676494,-90.6181669
41.4636316,-90.6145868
41.4494299,-90.5528041
41.4863193,-90.5001073
41.4981693,-90.5071282
41.5123824,-90.5129223
41.5092049,-90.5103836
43.8643844,-91.2365188
39.7403874,-89.9182787
39.7400144,-89.9297908
39.6864059,-90.2351671
39.7203027,-90.1703855
39.7267063,-90.1645063
41.5973128,-90.6756987
39.7370635,-90.0357493
39.7367807,-90.0474651
43.6596738,-93.107655
40.911548,-90.2485467
41.9675419,-91.6709745
41.4545287,-90.4256996
39.7193199,-91.2008126
39.7181388,-91.1893394
39.6739167,-90.7746195
39.6709635,-90.8322522
43.9215704,-90.815203
43.9192173,-90.8276185
43.8993193,-90.9177808
43.8848634,-91.1107166
43.8767539,-91.1929625
41.96498,-92.5395792
41.9705236,-92.5515492
41.9824157,-92.5805199
41.9830292,-92.5906074
41.9918687,-92.6143798
43.9268788,-91.2424886
43.9194834,-91.2394888
43.8596799,-91.2760324
41.3543087,-95.900252
42.494684,-96.4755372
42.4517117,-94.2936673
42.4522577,-94.2789484
42.4499758,-94.6616151
40.4153746,-91.1076131
40.4087087,-91.1190286
41.2634329,-96.0776494
41.2629345,-96.0875005
41.263814,-96.080902
41.2630551,-96.1077569
41.2630888,-96.1738417
41.2628268,-96.2218366
39.6978633,-92.0429833
39.6980447,-92.0346901
39.7514914,-92.2636708
39.7476851,-94.8225073
40.8171477,-91.1202436
39.7465289,-94.8354797
39.7477375,-94.8193664
39.7628002,-94.8586331
39.7547493,-94.8559476
41.506251,-93.5721213
42.4497107,-94.6759888
42.4539534,-94.961572
42.4541948,-94.9465452
42.4730383,-95.1546299
40.6244263,-91.4049651
40.6285709,-91.3919211
40.6703782,-91.3321738
40.6705262,-91.3502415
40.6722783,-91.2656561
40.670468,-91.2774893
40.6707137,-91.3206
40.6645707,-91.3608521
39.7523353,-92.2539085
42.503228,-92.3948173
42.5024579,-92.3926242
42.7192277,-92.337449
39.6638365,-91.7080252
43.6128876,-96.7641347
43.6172867,-96.7706287
43.6125682,-96.776633
43.6130372,-96.7700349
43.6128721,-96.7710539
42.4950817,-90.6629811
40.8318916,-96.7119237
40.8424756,-96.7120959
41.2213191,-95.9531097
43.088201,-96.79632
42.4490171,-96.4416452
43.1059467,-93.1935419
42.4711999,-95.1423046
42.4481884,-93.5136624
42.4488794,-93.569782
39.749587,-91.2848455
39.6719695,-90.8438569
39.7030735,-91.0338601
39.7058967,-91.044932
43.9101773,-91.5592804
43.9115449,-91.5496466
43.933628,-91.8525655
40.8218465,-97.2973965
40.8222205,-97.2864252
40.8223343,-97.2215905
41.4403896,-90.3395305
43.6381502,-95.4492685
42.4262916,-93.151219
42.4478955,-93.3792941
42.4478416,-93.3919449
43.2905769,-93.3501697
42.4482173,-93.5288798
43.6834997,-93.3203137
43.6840467,-93.3217315
42.2328832,-93.5710458
42.4907061,-90.6944863
40.8158339,-96.7730183
40.8159076,-96.7617458
40.8167718,-96.7817012
40.8180361,-96.7939747
40.8211726,-96.9245711
40.821306,-97.0397551
40.8214676,-96.9347841
40.8214794,-97.049589
40.8220493,-97.1069402
40.8222444,-97.0957749
43.5538943,-96.7800575
43.6089723,-96.8001216
43.6107795,-96.7913355
40.9795129,-90.3361643
40.9843116,-90.3363732
42.4655281,-91.4734936
41.3077595,-96.100746
41.6619441,-93.4892536
39.220983,-94.4977434
39.2281191,-94.5017414
42.2433611,-93.5706796
41.3118688,-93.1313865
41.6697443,-93.4571112
39.7133037,-91.4503801
43.669239,-93.0171202
39.7488856,-91.3005183
40.9981974,-91.5467809
39.7037527,-92.0811281
39.7143787,-91.4146243
39.7492714,-94.8482994
41.2239853,-96.0359247
41.2230476,-95.9958268
41.2237486,-96.031958
39.1898201,-94.6105193
43.4650003,-96.7974276
41.2629333,-96.1860346
40.9758917,-96.3824139
41.2270545,-95.9399361
41.4972632,-94.9376476
41.5930786,-93.6655685
42.0398299,-93.5700444
42.6448672,-92.4514374
41.49922,-90.5930227
41.5050791,-90.5909638
42.0071219,-93.6730342
41.8259131,-90.5697406
41.8254233,-90.5693363
41.7686321,-93.570444
42.4530621,-92.3176226
42.4545475,-92.3115582
41.4542946,-90.4953224
41.4425305,-90.6204534
41.4447089,-90.620658
41.4638912,-90.6145384
41.4638823,-90.6148125
41.5105943,-90.5828174
41.5114622,-90.5797675
41.4755313,-90.4942965
40.9596917,-91.5192301
40.9592553,-91.5219604
42.474669,-96.3236506
42.471278,-91.1418703
41.0357612,-95.8175623
42.611837,-92.4426811
42.6159242,-92.4445849
41.5717547,-93.8490264
41.2923469,-91.5342115
39.7705087,-90.3994294
39.7675172,-90.3687757
39.2604917,-94.5812237
